Well_ID;Rec_ID;Week;Sex;Gr_size;Arena;N_comp;N_females;F1_ID;N_MTP1_1;N_RD_1;F2_ID;N_MTP1_2;N_RD_2;F3_ID;N_MTP1_3;N_RD_3;F4_ID;N_MTP1_4;N_RD_4;F5_ID;N_MTP1_5;N_RD_5;F6_ID;N_MTP1_6;N_RD_6;MatingDuration_av;Matings_number;MatingPartners_number;AttemptDuration_av;Attempts_number;AttemptPartners_number;Cop_Fe_1;Cop_Fe_2;Cop_Fe_3;Cop_Fe_4;Cop_Fe_5;Cop_Fe_6;Body_mass_mg_focal;Mass_reproducibility_mg_focal;N_contact_WT;N_contact_RD;contacts_wt_ind;contacts_rd_ind;Total_N_MTP1;Total_N_Rd;m_prop_RS;f_prop_RS;Prop_MS;Total_Encounters;Treatment;gMS;m_RS_Rd_comp;m_RS_Rd_comp_full;m_TotMatings;m_MatingDuration_av;m_Attempts_number;m_Prop_MS;m_Total_Encounters;m_RS;m_cMS;m_meanCop;m_InSuc;m_feSuc;m_PS;m_pFec;m_pFec_compl;f_TotMatings;f_MatingDuration_av;f_Attempts_number;f_Prop_MS;f_Total_Encounters;f_RS;f_cMS;f_meanCop;meanCop;f_fec_pMate
7;V02;1;F;SG;Large;2;3;28;0;0;29;0;101;30;0;0;NA;NA;NA;NA;NA;NA;NA;NA;NA;NA;0;0;0;0;0;NA;NA;NA;NA;NA;NA;1.98;NA;131;61;43.66666667;30.5;0;50.5;NA;0;NA;0;D = 0.26;0;0;0;NA;NA;NA;NA;NA;NA;NA;NA;NA;NA;NA;NA;NA;0;NA;0;NA;0;0;0;NA;NA;NA
8;V02;1;M;LG;Large;5;6;31;0;0;32;53;29;33;0;70;34;0;0;35;0;0;36;0;0;68;2;2;17.25;4;3;1;1;0;0;0;0;1.89;NA;149;159;24.83333333;31.8;53;19.8;72.8021978;NA;0.333333333;6;D = 0.52;1;29;29;2;68;4;0.333333333;6;53;2;1;0.5;0.646341463;0.323170732;82;41;NA;NA;NA;NA;NA;NA;NA;NA;1;NA
9;V02;1;F;LG;Large;5;6;37;71;0;38;0;87;39;0;95;40;0;80;41;0;93;42;0;112;91.3;3;2;8.5;2;2;NA;NA;NA;NA;NA;NA;1.86;NA;163;91;27.16666667;18.2;71;93.4;NA;43.18734793;0.6;5;D = 0.52;1;0;0;NA;NA;NA;NA;NA;NA;NA;NA;NA;NA;NA;NA;NA;3;91.3;2;0.6;5;71;2;1.5;1.5;35.5
10;V02;1;M;LG;Large;5;6;43;0;112;44;45;32;45;11;82;46;0;0;47;0;0;48;0;80;187.5;2;2;10.71;7;4;1;1;1;0;0;0;1.72;NA;167;156;27.83333333;31.2;56;61.2;47.78156997;NA;0.222222222;9;D = 0.52;2;114;226;2;187.5;7;0.222222222;9;56;2;1;1;0.329411765;0.329411765;85;141;NA;NA;NA;NA;NA;NA;NA;NA;1;NA
11;V02;1;F;SG;Large;2;3;49;129;0;50;0;106;51;0;89;NA;NA;NA;NA;NA;NA;NA;NA;NA;58;1;1;18.83;6;2;NA;NA;NA;NA;NA;NA;2.21;NA;133;68;44.33333333;34;129;97.5;NA;56.95364238;0.142857143;7;D = 0.26;1;0;0;NA;NA;NA;NA;NA;NA;NA;NA;NA;NA;NA;NA;NA;1;58;6;0.142857143;7;129;1;1;1;129
12;V02;1;M;SG;Large;2;3;52;0;0;53;2;0;54;0;42;NA;NA;NA;NA;NA;NA;NA;NA;NA;36;1;1;23.5;4;2;1;1;0;0;0;0;1.94;NA;127;121;42.33333333;60.5;2;21;8.695652174;NA;0.2;5;D = 0.26;1;0;0;1;36;4;0.2;5;2;1;1;1;1;1;2;2;NA;NA;NA;NA;NA;NA;NA;NA;1;NA
13;V03;1;F;LG;Small;5;6;55;95;0;56;0;96;57;0;0;58;0;117;59;0;82;60;0;75;76;3;3;14.5;2;1;NA;NA;NA;NA;NA;NA;2.36;NA;160;115;26.66666667;23;95;74;NA;56.21301775;0.6;5;D = 1.33;1;0;0;NA;NA;NA;NA;NA;NA;NA;NA;NA;NA;NA;NA;NA;3;76;2;0.6;5;95;3;1;1;31.66666667
14;V03;1;F;LG;Small;5;6;61;91;0;62;0;95;63;0;54;64;0;76;65;0;48;66;0;67;NA;0;0;15.5;2;2;NA;NA;NA;NA;NA;NA;2.06;NA;195;160;32.5;32;91;68;NA;57.2327044;NA;2;D = 1.33;1;0;0;NA;NA;NA;NA;NA;NA;NA;NA;NA;NA;NA;NA;NA;0;NA;2;NA;2;91;1;0;NA;91
15;V03;1;F;SG;Small;2;3;67;109;0;68;0;85;69;0;29;NA;NA;NA;NA;NA;NA;NA;NA;NA;36;1;1;15.5;2;2;NA;NA;NA;NA;NA;NA;1.87;NA;61;35;20.33333333;17.5;109;57;NA;65.6626506;0.333333333;3;D = 0.67;1;0;0;NA;NA;NA;NA;NA;NA;NA;NA;NA;NA;NA;NA;NA;1;36;2;0.333333333;3;109;1;1;1;109
16;V03;1;M;SG;Small;2;3;70;0;0;71;44;50;72;52;16;NA;NA;NA;NA;NA;NA;NA;NA;NA;79;5;2;20;10;2;0;4;1;0;0;0;2.19;NA;173;118;57.66666667;59;96;33;74.41860465;NA;0.333333333;15;D = 0.67;2;66;66;5;79;10;0.333333333;15;96;2;2.5;1;0.592592593;0.592592593;81;81;NA;NA;NA;NA;NA;NA;NA;NA;2.5;NA
17;V03;1;M;SG;Small;2;3;73;72;63;74;122;9;75;113;0;NA;NA;NA;NA;NA;NA;NA;NA;NA;66;3;3;13.3;9;2;1;1;1;0;0;0;1.89;NA;174;122;58;61;307;36;89.50437318;NA;0.25;12;D = 0.67;3;72;72;3;66;9;0.25;12;307;3;1;1;0.810026385;0.810026385;126.3333333;126.3333333;NA;NA;NA;NA;NA;NA;NA;NA;1;NA
18;V03;1;M;LG;Small;5;6;76;0;0;77;0;0;78;0;70;79;0;0;80;0;40;81;89;0;53.67;3;3;15.5;2;1;0;0;1;0;1;1;1.67;NA;116;132;19.33333333;26.4;89;22;80.18018018;NA;0.6;5;D = 1.33;1;0;110;3;53.67;2;0.6;5;89;3;1;0.333333333;1;0.333333333;89;66.33333333;NA;NA;NA;NA;NA;NA;NA;NA;1;NA
19;V04;1;F;SG;Large;2;3;82;109;0;83;0;87;84;0;75;NA;NA;NA;NA;NA;NA;NA;NA;NA;66.3;6;3;14.75;8;3;NA;NA;NA;NA;NA;NA;2.1;NA;74;39;24.66666667;19.5;109;81;NA;57.36842105;0.428571429;14;D = 0.26;1;0;0;NA;NA;NA;NA;NA;NA;NA;NA;NA;NA;NA;NA;NA;6;66.3;8;0.428571429;14;109;3;2;2;36.33333333
20;V04;1;F;LG;Large;5;6;85;105;0;86;0;0;87;0;10;88;0;0;89;0;84;90;0;65;66.5;2;2;15.75;4;4;NA;NA;NA;NA;NA;NA;2.66;NA;169;92;28.16666667;18.4;105;31.8;NA;76.75438596;0.333333333;6;D = 0.52;1;0;0;NA;NA;NA;NA;NA;NA;NA;NA;NA;NA;NA;NA;NA;2;66.5;4;0.333333333;6;105;2;1;1;52.5
21;V04;1;M;LG;Large;5;6;91;0;80;92;0;91;93;0;102;94;0;86;95;0;0;96;0;91;NA;0;0;16.25;4;3;0;0;0;0;0;0;2.06;NA;149;180;24.83333333;36;0;90;0;NA;NA;4;D = 0.52;0;0;0;0;NA;4;NA;4;0;0;NA;NA;NA;NA;NA;NA;NA;NA;NA;NA;NA;NA;NA;NA;NA;NA
22;V04;1;M;SG;Large;2;3;97;0;0;98;0;0;99;0;0;NA;NA;NA;NA;NA;NA;NA;NA;NA;NA;0;0;12.75;4;2;0;0;0;0;0;0;1.54;NA;72;82;24;41;0;0;NA;NA;NA;4;D = 0.26;0;0;0;0;NA;4;NA;4;0;0;NA;NA;NA;NA;NA;NA;NA;NA;NA;NA;NA;NA;NA;NA;NA;NA
23;V04;1;F;SG;Large;2;3;100;137;0;101;0;96;102;0;39;NA;NA;NA;NA;NA;NA;NA;NA;NA;85;3;2;6;1;1;NA;NA;NA;NA;NA;NA;1.99;NA;117;73;39;36.5;137;67.5;NA;66.99266504;0.75;4;D = 0.26;1;0;0;NA;NA;NA;NA;NA;NA;NA;NA;NA;NA;NA;NA;NA;3;85;1;0.75;4;137;2;1.5;1.5;68.5
24;V04;1;M;LG;Large;5;6;103;72;0;104;0;24;105;0;0;106;0;91;107;0;142;108;0;0;37;1;1;10.6;5;4;1;0;0;0;0;0;2.22;NA;124;153;20.66666667;30.6;72;51.4;58.34683955;NA;0.166666667;6;D = 0.52;1;0;0;1;37;5;0.166666667;6;72;1;1;1;1;1;72;72;NA;NA;NA;NA;NA;NA;NA;NA;1;NA
25;V05;1;F;LG;Small;5;6;109;0;0;110;0;0;111;0;0;112;0;80;113;0;50;114;0;81;NA;0;0;14.75;4;3;NA;NA;NA;NA;NA;NA;1.82;NA;189;138;31.5;27.6;0;42.2;NA;0;NA;4;D = 1.33;0;0;0;NA;NA;NA;NA;NA;NA;NA;NA;NA;NA;NA;NA;NA;0;NA;4;NA;4;0;0;NA;NA;NA
26;V05;1;F;LG;Small;5;6;115;0;0;116;0;85;117;0;89;118;0;66;119;0;100;120;0;77;71;2;2;26.25;8;4;NA;NA;NA;NA;NA;NA;1.92;NA;205;174;34.16666667;34.8;0;83.4;NA;0;0.2;10;D = 1.33;0;0;0;NA;NA;NA;NA;NA;NA;NA;NA;NA;NA;NA;NA;NA;2;71;8;0.2;10;0;2;1;1;0
27;V05;1;M;SG;Small;2;3;121;0;97;122;0;77;123;0;85;NA;NA;NA;NA;NA;NA;NA;NA;NA;NA;0;0;12;1;1;0;0;0;0;0;0;1.75;NA;78;78;26;39;0;129.5;0;NA;NA;1;D = 0.67;0;0;0;0;NA;1;NA;1;0;0;NA;NA;NA;NA;NA;NA;NA;NA;NA;NA;NA;NA;NA;NA;NA;NA
28;V05;1;M;SG;Small;2;3;124;0;0;125;0;0;126;0;69;NA;NA;NA;NA;NA;NA;NA;NA;NA;49;2;1;10.25;4;3;0;2;0;0;0;0;1.94;1.94;73;82;24.33333333;41;0;34.5;0;NA;0.333333333;6;D = 0.67;0;0;0;2;49;4;0.333333333;6;0;1;2;0;NA;NA;NA;0;NA;NA;NA;NA;NA;NA;NA;NA;2;NA
29;V05;1;F;LG;Small;5;6;127;0;0;128;0;0;129;0;0;130;0;0;131;0;0;132;0;36;40;1;1;15.5;2;1;NA;NA;NA;NA;NA;NA;1.76;NA;145;112;24.16666667;22.4;0;7.2;NA;0;0.333333333;3;D = 1.33;0;0;0;NA;NA;NA;NA;NA;NA;NA;NA;NA;NA;NA;NA;NA;1;40;2;0.333333333;3;0;1;1;1;0
30;V05;1;M;SG;Small;2;3;133;0;0;134;0;83;135;0;80;NA;NA;NA;NA;NA;NA;NA;NA;NA;41;1;1;13.81;16;3;1;0;0;0;0;0;2.02;2;151;119;50.33333333;59.5;0;81.5;0;NA;0.058823529;17;D = 0.67;0;0;0;1;41;16;0.058823529;17;0;1;1;0;NA;NA;NA;0;NA;NA;NA;NA;NA;NA;NA;NA;1;NA
31;V06;1;F;LG;Large;5;6;136;0;0;137;0;81;138;0;71;139;0;0;140;0;43;141;0;90;115.5;2;2;17.5;2;2;NA;NA;NA;NA;NA;NA;1.79;NA;126;104;21;20.8;0;57;NA;0;0.5;4;D = 0.52;0;0;0;NA;NA;NA;NA;NA;NA;NA;NA;NA;NA;NA;NA;NA;2;115.5;2;0.5;4;0;2;1;1;0
32;V06;1;M;SG;Large;2;3;142;38;44;143;0;56;144;18;42;NA;NA;NA;NA;NA;NA;NA;NA;NA;89.67;3;3;21.89;9;3;1;1;1;0;0;0;1.79;NA;117;123;39;61.5;56;71;44.09448819;NA;0.25;12;D = 0.26;2;86;142;3;89.67;9;0.25;12;56;3;1;0.666666667;0.394366197;0.262910798;71;66;NA;NA;NA;NA;NA;NA;NA;NA;1;NA
33;V06;1;M;SG;Large;2;3;145;0;0;146;0;0;147;0;0;NA;NA;NA;NA;NA;NA;NA;NA;NA;57;1;1;11;3;3;0;0;1;0;0;0;1.78;1.8;82;77;27.33333333;38.5;0;0;NA;NA;0.25;4;D = 0.26;0;0;0;1;57;3;0.25;4;0;1;1;0;NA;NA;NA;0;NA;NA;NA;NA;NA;NA;NA;NA;1;NA
34;V06;1;F;LG;Large;5;6;148;0;0;149;0;95;150;0;103;151;0;60;152;0;0;153;0;0;45;1;1;0;0;0;NA;NA;NA;NA;NA;NA;1.76;NA;111;69;18.5;13.8;0;51.6;NA;0;1;1;D = 0.52;0;0;0;NA;NA;NA;NA;NA;NA;NA;NA;NA;NA;NA;NA;NA;1;45;0;1;1;0;1;1;1;0
35;V06;1;F;SG;Large;2;3;154;0;0;155;0;0;156;0;99;NA;NA;NA;NA;NA;NA;NA;NA;NA;56.5;2;2;17.63;8;3;NA;NA;NA;NA;NA;NA;2.06;NA;57;23;19;11.5;0;49.5;NA;0;0.2;10;D = 0.26;0;0;0;NA;NA;NA;NA;NA;NA;NA;NA;NA;NA;NA;NA;NA;2;56.5;8;0.2;10;0;2;1;1;0
36;V06;1;M;LG;Large;5;6;157;0;0;158;0;0;159;0;0;160;0;68;161;0;0;162;100;0;80.33;3;3;14.33;3;3;0;1;0;1;0;1;1.78;1.74;134;148;22.33333333;29.6;100;13.6;88.02816901;NA;0.5;6;D = 0.52;1;0;68;3;80.33;3;0.5;6;100;3;1;0.333333333;1;0.333333333;100;56;NA;NA;NA;NA;NA;NA;NA;NA;1;NA
37;V07;1;M;SG;Small;2;3;163;57;71;164;74;39;165;0;0;NA;NA;NA;NA;NA;NA;NA;NA;NA;56.67;3;2;17.16;6;2;2;1;0;0;0;0;1.43;NA;128;108;42.66666667;54;131;55;70.43010753;NA;0.333333333;9;D = 0.67;2;110;110;3;56.67;6;0.333333333;9;131;2;1.5;1;0.543568465;0.543568465;120.5;120.5;NA;NA;NA;NA;NA;NA;NA;NA;1.5;NA
38;V07;1;F;SG;Small;2;3;166;118;0;167;0;71;168;0;95;NA;NA;NA;NA;NA;NA;NA;NA;NA;45;2;2;15.5;2;1;NA;NA;NA;NA;NA;NA;2.41;2.39;145;110;48.33333333;55;118;83;NA;58.70646766;0.5;4;D = 0.67;1;0;0;NA;NA;NA;NA;NA;NA;NA;NA;NA;NA;NA;NA;NA;2;45;2;0.5;4;118;2;1;1;59
39;V07;1;F;LG;Small;5;6;169;108;0;170;0;83;171;0;0;172;0;91;173;0;129;174;0;143;83.5;2;2;13.88;8;2;NA;NA;NA;NA;NA;NA;2.52;NA;199;150;33.16666667;30;108;89.2;NA;54.76673428;0.2;10;D = 1.33;1;0;0;NA;NA;NA;NA;NA;NA;NA;NA;NA;NA;NA;NA;NA;2;83.5;8;0.2;10;108;2;1;1;54
40;V07;1;F;LG;Small;5;6;175;98;0;176;0;80;177;0;93;178;0;0;179;0;95;180;0;88;89;3;3;8;1;1;NA;NA;NA;NA;NA;NA;2.52;NA;171;161;28.5;32.2;98;71.2;NA;57.91962175;0.75;4;D = 1.33;1;0;0;NA;NA;NA;NA;NA;NA;NA;NA;NA;NA;NA;NA;NA;3;89;1;0.75;4;98;3;1;1;32.66666667
41;V07;1;M;LG;Small;5;6;181;0;70;182;7;63;183;0;98;184;0;62;185;9;71;186;0;68;73.5;2;2;8.4;5;4;0;1;0;0;1;0;1.94;NA;252;268;42;53.6;16;86.4;15.625;NA;0.285714286;7;D = 1.33;2;134;134;2;73.5;5;0.285714286;7;16;2;1;1;0.106666667;0.106666667;75;75;NA;NA;NA;NA;NA;NA;NA;NA;1;NA
42;V07;1;M;SG;Small;2;3;187;81;0;188;57;42;189;0;79;NA;NA;NA;NA;NA;NA;NA;NA;NA;110;5;2;13.23;27;3;4;1;0;0;0;0;2.13;2.12;255;188;85;94;138;60.5;69.52141058;NA;0.15625;32;D = 0.67;2;42;42;5;110;27;0.15625;32;138;2;2.5;1;0.766666667;0.766666667;90;90;NA;NA;NA;NA;NA;NA;NA;NA;2.5;NA
43;V08;1;M;LG;Large;5;6;190;0;71;191;0;133;192;0;0;193;0;0;194;0;65;195;93;0;69.5;2;2;10.6;5;4;1;0;0;0;0;1;2.01;NA;178;202;29.66666667;40.4;93;53.8;63.35149864;NA;0.285714286;7;D = 0.52;1;0;71;2;69.5;5;0.285714286;7;93;2;1;0.5;1;0.5;93;82;NA;NA;NA;NA;NA;NA;NA;NA;1;NA
45;V08;1;M;LG;Large;5;6;199;0;0;200;0;80;201;0;102;202;102;0;203;32;51;204;0;0;148.5;2;2;16.81;11;5;0;0;0;1;1;0;2.01;NA;168;151;28;30.2;134;46.6;74.19712071;NA;0.153846154;13;D = 0.52;2;51;51;2;148.5;11;0.153846154;13;134;2;1;1;0.724324324;0.724324324;92.5;92.5;NA;NA;NA;NA;NA;NA;NA;NA;1;NA
47;V08;1;F;SG;Large;2;3;211;0;0;212;0;76;213;0;102;NA;NA;NA;NA;NA;NA;NA;NA;NA;50.67;3;2;21.5;6;2;NA;NA;NA;NA;NA;NA;2.21;NA;113;77;37.66666667;38.5;0;89;NA;0;0.333333333;9;D = 0.26;0;0;0;NA;NA;NA;NA;NA;NA;NA;NA;NA;NA;NA;NA;NA;3;50.67;6;0.333333333;9;0;2;1.5;1.5;0
48;V08;1;F;SG;Large;2;3;214;2;0;215;0;62;216;0;56;NA;NA;NA;NA;NA;NA;NA;NA;NA;97;4;2;15.75;8;3;NA;NA;NA;NA;NA;NA;1.99;2.01;78;37;26;18.5;2;59;NA;3.278688525;0.333333333;12;D = 0.26;1;0;0;NA;NA;NA;NA;NA;NA;NA;NA;NA;NA;NA;NA;NA;4;97;8;0.333333333;12;2;2;2;2;1
49;V09;1;M;LG;Small;5;6;217;0;0;218;0;0;219;0;0;220;0;83;221;0;45;222;0;91;NA;0;0;15.88;8;4;0;0;0;0;0;0;2.18;2.16;208;187;34.66666667;37.4;0;43.8;0;NA;NA;8;D = 1.33;0;0;0;0;NA;8;NA;8;0;0;NA;NA;NA;NA;NA;NA;NA;NA;NA;NA;NA;NA;NA;NA;NA;NA
50;V09;1;F;SG;Small;2;3;223;67;0;224;0;101;225;0;34;NA;NA;NA;NA;NA;NA;NA;NA;NA;87.75;4;2;17;1;1;NA;NA;NA;NA;NA;NA;2.64;2.6;62;41;20.66666667;20.5;67;67.5;NA;49.81412639;0.8;5;D = 0.67;1;0;0;NA;NA;NA;NA;NA;NA;NA;NA;NA;NA;NA;NA;NA;4;87.75;1;0.8;5;67;2;2;2;33.5
51;V09;1;F;SG;Small;2;3;226;114;0;227;0;101;228;0;42;NA;NA;NA;NA;NA;NA;NA;NA;NA;62.5;2;2;13.5;4;2;NA;NA;NA;NA;NA;NA;2.09;NA;130;83;43.33333333;41.5;114;71.5;NA;61.45552561;0.333333333;6;D = 0.67;1;0;0;NA;NA;NA;NA;NA;NA;NA;NA;NA;NA;NA;NA;NA;2;62.5;4;0.333333333;6;114;2;1;1;57
52;V09;1;M;LG;Small;5;6;229;54;0;230;0;0;231;0;0;232;77;0;233;0;101;234;0;0;63.83;6;2;13.23;13;6;4;0;0;2;0;0;1.96;NA;236;229;39.33333333;45.8;131;20.2;86.64021164;NA;0.315789474;19;D = 1.33;2;0;0;6;63.83;13;0.315789474;19;131;2;3;1;1;1;65.5;65.5;NA;NA;NA;NA;NA;NA;NA;NA;3;NA
53;V09;1;F;SG;Small;2;3;235;0;0;236;0;101;237;0;77;NA;NA;NA;NA;NA;NA;NA;NA;NA;100.25;4;1;18.5;12;3;NA;NA;NA;NA;NA;NA;2.09;NA;155;80;51.66666667;40;0;89;NA;0;0.25;16;D = 0.67;0;0;0;NA;NA;NA;NA;NA;NA;NA;NA;NA;NA;NA;NA;NA;4;100.25;12;0.25;16;0;1;4;4;0
54;V09;1;M;LG;Small;5;6;238;0;93;239;0;104;240;0;0;241;0;0;242;0;136;243;0;74;42;2;2;20;2;1;1;1;0;0;0;0;1.66;NA;142;125;23.66666667;25;0;81.4;0;NA;0.5;4;D = 1.33;0;0;197;2;42;2;0.5;4;0;2;1;0;NA;NA;NA;98.5;NA;NA;NA;NA;NA;NA;NA;NA;1;NA
55;V10;1;F;SG;Large;2;3;245;85;0;246;0;81;247;0;47;NA;NA;NA;NA;NA;NA;NA;NA;NA;60;2;2;19.4;5;2;NA;NA;NA;NA;NA;NA;1.98;NA;129;74;43;37;85;64;NA;57.04697987;0.285714286;7;D = 0.26;1;0;0;NA;NA;NA;NA;NA;NA;NA;NA;NA;NA;NA;NA;NA;2;60;5;0.285714286;7;85;2;1;1;42.5
56;V10;1;M;LG;Large;5;6;248;52;33;249;0;78;250;0;0;251;0;0;252;0;0;253;0;76;54.5;2;2;26.33;3;2;1;1;0;0;0;0;2;NA;147;142;24.5;28.4;52;37.4;58.1655481;NA;0.4;5;D = 0.52;1;33;111;2;54.5;3;0.4;5;52;2;1;0.5;0.611764706;0.305882353;85;81.5;NA;NA;NA;NA;NA;NA;NA;NA;1;NA
57;V10;1;F;SG;Large;2;3;254;60;0;255;0;0;256;0;61;NA;NA;NA;NA;NA;NA;NA;NA;NA;75.75;8;3;13.11;9;3;NA;NA;NA;NA;NA;NA;2.35;NA;104;57;34.66666667;28.5;60;30.5;NA;66.29834254;0.470588235;17;D = 0.26;1;0;0;NA;NA;NA;NA;NA;NA;NA;NA;NA;NA;NA;NA;NA;8;75.75;9;0.470588235;17;60;3;2.666666667;2.666666667;20
58;V10;1;M;LG;Large;5;6;257;0;0;258;21;81;259;0;93;260;0;0;261;0;0;262;0;0;77;3;1;17.75;8;4;0;3;0;0;0;0;2.24;NA;191;168;31.83333333;33.6;21;34.8;37.6344086;NA;0.272727273;11;D = 0.52;1;81;81;3;77;8;0.272727273;11;21;1;3;1;0.205882353;0.205882353;102;102;NA;NA;NA;NA;NA;NA;NA;NA;3;NA
59;V10;1;M;LG;Large;5;6;263;0;0;264;0;0;265;25;82;266;0;0;267;0;0;268;0;0;52;2;2;20.6;5;3;0;1;1;0;0;0;1.79;NA;140;131;23.33333333;26.2;25;16.4;60.38647343;NA;0.285714286;7;D = 0.52;1;82;82;2;52;5;0.285714286;7;25;2;1;0.5;0.23364486;0.11682243;107;53.5;NA;NA;NA;NA;NA;NA;NA;NA;1;NA
60;V10;1;F;SG;Large;2;3;269;136;0;270;0;0;271;0;85;NA;NA;NA;NA;NA;NA;NA;NA;NA;74.8;5;3;12.53;15;3;NA;NA;NA;NA;NA;NA;2.36;NA;102;30;34;15;136;42.5;NA;76.19047619;0.25;20;D = 0.26;1;0;0;NA;NA;NA;NA;NA;NA;NA;NA;NA;NA;NA;NA;NA;5;74.8;15;0.25;20;136;3;1.666666667;1.666666667;45.33333333
61;V11;1;F;SG;Small;2;3;272;0;0;273;0;67;274;0;0;NA;NA;NA;NA;NA;NA;NA;NA;NA;63.67;3;2;18.75;4;2;NA;NA;NA;NA;NA;NA;1.99;NA;105;68;35;34;0;33.5;NA;0;0.428571429;7;D = 0.67;0;0;0;NA;NA;NA;NA;NA;NA;NA;NA;NA;NA;NA;NA;NA;3;63.67;4;0.428571429;7;0;2;1.5;1.5;0
62;V11;1;M;LG;Small;5;6;275;0;96;276;29;39;277;0;0;278;0;0;279;131;0;280;0;0;106;1;1;28.33;3;3;0;1;0;0;1;0;1.64;NA;210;244;35;48.8;160;27;85.56149733;NA;0.25;4;D = 1.33;2;39;39;1;106;3;0.25;4;160;2;0.5;1;0.804020101;0.804020101;99.5;99.5;NA;NA;NA;NA;NA;NA;NA;NA;1;NA
63;V11;1;F;SG;Small;2;3;281;0;0;282;0;88;283;0;101;NA;NA;NA;NA;NA;NA;NA;NA;NA;115;2;1;16.67;6;3;NA;NA;NA;NA;NA;NA;1.91;NA;108;72;36;36;0;94.5;NA;0;0.25;8;D = 0.67;0;0;0;NA;NA;NA;NA;NA;NA;NA;NA;NA;NA;NA;NA;NA;2;115;6;0.25;8;0;1;2;2;0
64;V11;1;M;LG;Small;5;6;284;0;72;285;0;0;286;0;85;287;0;0;288;0;0;289;0;0;61;1;1;13.81;11;4;0;1;0;0;0;0;1.68;NA;171;195;28.5;39;0;31.4;0;NA;0.083333333;12;D = 1.33;0;0;0;1;61;11;0.083333333;12;0;1;1;0;NA;NA;NA;0;NA;NA;NA;NA;NA;NA;NA;NA;1;NA
65;V11;1;M;LG;Small;5;6;290;0;109;291;0;66;292;0;0;293;0;0;294;0;71;295;0;0;92;1;1;20.33;3;2;0;0;0;0;1;0;2.1;2.03;150;165;25;33;0;49.2;0;NA;0.25;4;D = 1.33;0;0;71;1;92;3;0.25;4;0;1;1;0;NA;NA;NA;71;NA;NA;NA;NA;NA;NA;NA;NA;1;NA
66;V11;1;F;SG;Small;2;3;296;0;0;297;0;115;298;0;74;NA;NA;NA;NA;NA;NA;NA;NA;NA;NA;0;0;14;5;2;NA;NA;NA;NA;NA;NA;1.87;NA;191;131;63.66666667;65.5;0;94.5;NA;0;NA;5;D = 0.67;0;0;0;NA;NA;NA;NA;NA;NA;NA;NA;NA;NA;NA;NA;NA;0;NA;5;NA;5;0;0;NA;NA;NA
67;V12;1;M;LG;Large;5;6;299;0;46;300;0;0;301;0;60;302;0;0;303;86;0;304;0;0;132;1;1;22.67;3;3;0;0;0;0;1;0;2.24;NA;168;138;28;27.6;86;21.2;80.2238806;NA;0.25;4;D = 0.52;1;0;0;1;132;3;0.25;4;86;1;1;1;1;1;86;86;NA;NA;NA;NA;NA;NA;NA;NA;1;NA
69;V12;1;M;SG;Large;2;3;308;0;0;309;0;104;310;75;0;NA;NA;NA;NA;NA;NA;NA;NA;NA;59;1;1;13.67;3;2;0;0;1;0;0;0;2.34;NA;164;113;54.66666667;56.5;75;52;59.05511811;NA;0.25;4;D = 0.26;1;0;0;1;59;3;0.25;4;75;1;1;1;1;1;75;75;NA;NA;NA;NA;NA;NA;NA;NA;1;NA
70;V12;1;F;LG;Large;5;6;311;0;0;312;0;0;313;0;0;314;0;84;315;0;0;316;0;95;68.5;2;1;14.5;4;2;NA;NA;NA;NA;NA;NA;1.98;NA;103;110;17.16666667;22;0;35.8;NA;0;0.333333333;6;D = 0.52;0;0;0;NA;NA;NA;NA;NA;NA;NA;NA;NA;NA;NA;NA;NA;2;68.5;4;0.333333333;6;0;1;2;2;0
71;V12;1;M;LG;Large;5;6;317;0;0;318;0;108;319;13;47;320;0;0;321;3;0;322;0;54;73;2;2;7;1;1;0;0;1;0;1;0;2.26;NA;108;98;18;19.6;16;41.8;27.6816609;NA;0.666666667;3;D = 0.52;2;47;47;2;73;1;0.666666667;3;16;2;1;1;0.253968254;0.253968254;31.5;31.5;NA;NA;NA;NA;NA;NA;NA;NA;1;NA
72;V12;1;F;SG;Large;2;3;323;98;0;324;0;75;325;0;50;NA;NA;NA;NA;NA;NA;NA;NA;NA;64.67;6;3;27.5;2;2;NA;NA;NA;NA;NA;NA;2.01;2.05;98;73;32.66666667;36.5;98;62.5;NA;61.05919003;0.75;8;D = 0.26;1;0;0;NA;NA;NA;NA;NA;NA;NA;NA;NA;NA;NA;NA;NA;6;64.67;2;0.75;8;98;3;2;2;32.66666667
73;V13;1;M;SG;Small;2;3;326;0;131;327;0;0;328;0;0;NA;NA;NA;NA;NA;NA;NA;NA;NA;65;1;1;18.13;8;3;1;0;0;0;0;0;2.25;NA;100;102;33.33333333;51;0;65.5;0;NA;0.111111111;9;D = 0.67;0;0;131;1;65;8;0.111111111;9;0;1;1;0;NA;NA;NA;131;NA;NA;NA;NA;NA;NA;NA;NA;1;NA
74;V13;1;M;SG;Small;2;3;329;107;0;330;0;0;331;0;0;NA;NA;NA;NA;NA;NA;NA;NA;NA;121.75;4;1;10.17;12;3;4;0;0;0;0;0;1.8;NA;140;99;46.66666667;49.5;107;0;100;NA;0.25;16;D = 0.67;1;0;0;4;121.75;12;0.25;16;107;1;4;1;1;1;107;107;NA;NA;NA;NA;NA;NA;NA;NA;4;NA
75;V13;1;M;LG;Small;5;6;332;0;89;333;0;0;334;0;0;335;0;0;336;0;57;337;0;134;NA;0;0;20.5;2;2;0;0;0;0;0;0;1.76;NA;236;283;39.33333333;56.6;0;56;0;NA;NA;2;D = 1.33;0;0;0;0;NA;2;NA;2;0;0;NA;NA;NA;NA;NA;NA;NA;NA;NA;NA;NA;NA;NA;NA;NA;NA
76;V13;1;F;SG;Small;2;3;338;0;0;339;0;78;340;0;0;NA;NA;NA;NA;NA;NA;NA;NA;NA;NA;0;0;12.25;4;2;NA;NA;NA;NA;NA;NA;1.45;NA;84;109;28;54.5;0;39;NA;0;NA;4;D = 0.67;0;0;0;NA;NA;NA;NA;NA;NA;NA;NA;NA;NA;NA;NA;NA;0;NA;4;NA;4;0;0;NA;NA;NA
77;V13;1;F;LG;Small;5;6;341;0;0;342;0;100;343;0;56;344;0;78;345;0;69;346;0;59;NA;0;0;11.38;8;4;NA;NA;NA;NA;NA;NA;1.77;NA;312;193;52;38.6;0;72.4;NA;0;NA;8;D = 1.33;0;0;0;NA;NA;NA;NA;NA;NA;NA;NA;NA;NA;NA;NA;NA;0;NA;8;NA;8;0;0;NA;NA;NA
78;V13;1;F;LG;Small;5;6;347;0;0;348;0;68;349;0;44;350;0;97;351;0;90;352;0;0;NA;0;0;16.71;7;4;NA;NA;NA;NA;NA;NA;1.75;NA;272;201;45.33333333;40.2;0;59.8;NA;0;NA;7;D = 1.33;0;0;0;NA;NA;NA;NA;NA;NA;NA;NA;NA;NA;NA;NA;NA;0;NA;7;NA;7;0;0;NA;NA;NA
79;V14;1;M;LG;Large;5;6;353;0;0;354;5;68;355;0;0;356;0;0;357;0;22;358;12;40;65.25;4;4;13;4;3;0;1;0;1;1;1;1.81;1.8;123;132;20.5;26.4;17;26;39.53488372;NA;0.5;8;D = 0.52;2;108;130;4;65.25;4;0.5;8;17;4;1;0.5;0.136;0.068;62.5;36.75;NA;NA;NA;NA;NA;NA;NA;NA;1;NA
80;V14;1;M;SG;Large;2;3;359;0;0;360;56;0;361;0;0;NA;NA;NA;NA;NA;NA;NA;NA;NA;175;6;2;12.5;10;3;0;5;1;0;0;0;1.99;NA;75;64;25;32;56;0;100;NA;0.375;16;D = 0.26;1;0;0;6;175;10;0.375;16;56;2;3;0.5;1;0.5;56;28;NA;NA;NA;NA;NA;NA;NA;NA;3;NA
81;V14;1;M;SG;Large;2;3;362;0;0;363;112;0;364;0;0;NA;NA;NA;NA;NA;NA;NA;NA;NA;53.44;9;3;17.53;17;3;1;3;5;0;0;0;1.82;NA;90;77;30;38.5;112;0;100;NA;0.346153846;26;D = 0.26;1;0;0;9;53.44;17;0.346153846;26;112;3;3;0.333333333;1;0.333333333;112;37.33333333;NA;NA;NA;NA;NA;NA;NA;NA;3;NA
82;V14;1;F;SG;Large;2;3;365;84;0;366;0;85;367;0;63;NA;NA;NA;NA;NA;NA;NA;NA;NA;94.67;6;3;14.19;16;2;NA;NA;NA;NA;NA;NA;2.22;NA;97;77;32.33333333;38.5;84;74;NA;53.16455696;0.272727273;22;D = 0.26;1;0;0;NA;NA;NA;NA;NA;NA;NA;NA;NA;NA;NA;NA;NA;6;94.67;16;0.272727273;22;84;3;2;2;28
83;V14;1;F;LG;Large;5;6;368;0;0;369;0;87;370;0;99;371;0;66;372;0;46;373;0;96;49;1;1;13.33;3;3;NA;NA;NA;NA;NA;NA;2.29;NA;112;121;18.66666667;24.2;0;78.8;NA;0;0.25;4;D = 0.52;0;0;0;NA;NA;NA;NA;NA;NA;NA;NA;NA;NA;NA;NA;NA;1;49;3;0.25;4;0;1;1;1;0
84;V14;1;F;LG;Large;5;6;374;84;0;375;0;106;376;0;77;377;0;60;378;0;0;379;0;88;59.33;6;4;18;5;4;NA;NA;NA;NA;NA;NA;2.35;NA;94;96;15.66666667;19.2;84;66.2;NA;55.92543276;0.545454545;11;D = 0.52;1;0;0;NA;NA;NA;NA;NA;NA;NA;NA;NA;NA;NA;NA;NA;6;59.33;5;0.545454545;11;84;4;1.5;1.5;21
85;V15;1;F;LG;Small;5;6;380;90;0;381;0;99;382;0;51;383;0;81;384;0;64;385;0;60;45.33;3;2;13;1;1;NA;NA;NA;NA;NA;NA;2.49;2.46;141;150;23.5;30;90;71;NA;55.90062112;0.75;4;D = 1.33;1;0;0;NA;NA;NA;NA;NA;NA;NA;NA;NA;NA;NA;NA;NA;3;45.33;1;0.75;4;90;2;1.5;1.5;45
86;V15;1;M;LG;Small;5;6;386;0;113;387;0;8;388;0;0;389;0;0;390;0;29;391;0;59;NA;0;0;14.43;7;3;0;0;0;0;0;0;1.9;NA;194;148;32.33333333;29.6;0;41.8;0;NA;NA;7;D = 1.33;0;0;0;0;NA;7;NA;7;0;0;NA;NA;NA;NA;NA;NA;NA;NA;NA;NA;NA;NA;NA;NA;NA;NA
87;V15;1;M;SG;Small;2;3;392;0;0;393;51;21;394;0;86;NA;NA;NA;NA;NA;NA;NA;NA;NA;69;3;2;12.33;3;2;2;1;0;0;0;0;1.72;NA;126;97;42;48.5;51;53.5;48.80382775;NA;0.5;6;D = 0.67;1;21;21;3;69;3;0.5;6;51;2;1.5;0.5;0.708333333;0.354166667;72;36;NA;NA;NA;NA;NA;NA;NA;NA;1.5;NA
90;V15;1;M;SG;Small;2;3;404;0;41;405;0;0;406;0;36;NA;NA;NA;NA;NA;NA;NA;NA;NA;90.33;3;2;18.06;18;3;1;2;0;0;0;0;1.86;NA;199;73;66.33333333;36.5;0;38.5;0;NA;0.142857143;21;D = 0.67;0;0;41;3;90.33;18;0.142857143;21;0;2;1.5;0;NA;NA;NA;20.5;NA;NA;NA;NA;NA;NA;NA;NA;1.5;NA
91;V16;1;M;LG;Large;5;6;407;8;87;408;0;80;409;0;0;410;0;0;411;0;0;412;0;0;49;1;1;15.75;4;3;1;0;0;0;0;0;1.8;1.79;163;151;27.16666667;30.2;8;33.4;19.3236715;NA;0.2;5;D = 0.52;1;87;87;1;49;4;0.2;5;8;1;1;1;0.084210526;0.084210526;95;95;NA;NA;NA;NA;NA;NA;NA;NA;1;NA
92;V16;1;M;SG;Large;2;3;413;27;72;414;0;0;415;34;36;NA;NA;NA;NA;NA;NA;NA;NA;NA;62.17;6;2;6;2;2;1;0;5;0;0;0;1.64;NA;82;64;27.33333333;32;61;54;53.04347826;NA;0.75;8;D = 0.26;2;108;108;6;62.17;2;0.75;8;61;2;3;1;0.360946746;0.360946746;84.5;84.5;NA;NA;NA;NA;NA;NA;NA;NA;3;NA
93;V16;1;F;SG;Large;2;3;416;0;0;417;0;67;418;0;0;NA;NA;NA;NA;NA;NA;NA;NA;NA;NA;0;0;13.33;3;3;NA;NA;NA;NA;NA;NA;1.94;NA;103;32;34.33333333;16;0;33.5;NA;0;NA;3;D = 0.26;0;0;0;NA;NA;NA;NA;NA;NA;NA;NA;NA;NA;NA;NA;NA;0;NA;3;NA;3;0;0;NA;NA;NA
94;V16;1;F;LG;Large;5;6;419;0;0;420;0;52;421;0;84;422;0;100;423;0;83;424;0;74;65;1;1;17.6;10;5;NA;NA;NA;NA;NA;NA;2.48;2.48;77;72;12.83333333;14.4;0;78.6;NA;0;0.090909091;11;D = 0.52;0;0;0;NA;NA;NA;NA;NA;NA;NA;NA;NA;NA;NA;NA;NA;1;65;10;0.090909091;11;0;1;1;1;0
95;V16;1;F;SG;Large;2;3;425;121;0;426;0;0;427;0;104;NA;NA;NA;NA;NA;NA;NA;NA;NA;75.5;2;2;21;6;3;NA;NA;NA;NA;NA;NA;2;2.04;76;34;25.33333333;17;121;52;NA;69.94219653;0.25;8;D = 0.26;1;0;0;NA;NA;NA;NA;NA;NA;NA;NA;NA;NA;NA;NA;NA;2;75.5;6;0.25;8;121;2;1;1;60.5
96;V16;1;M;LG;Large;5;6;428;0;104;429;81;0;430;0;0;431;0;0;432;0;57;433;0;0;167.5;2;2;19;3;3;0;1;0;0;0;1;2.13;NA;128;168;21.33333333;33.6;81;32.2;71.55477032;NA;0.4;5;D = 0.52;1;0;0;2;167.5;3;0.4;5;81;2;1;0.5;1;0.5;81;40.5;NA;NA;NA;NA;NA;NA;NA;NA;1;NA
97;V17;1;F;SG;Small;2;3;434;68;0;435;0;113;436;0;0;NA;NA;NA;NA;NA;NA;NA;NA;NA;170;1;1;13.13;16;2;NA;NA;NA;NA;NA;NA;2.42;2.42;115;47;38.33333333;23.5;68;56.5;NA;54.6184739;0.058823529;17;D = 0.67;1;0;0;NA;NA;NA;NA;NA;NA;NA;NA;NA;NA;NA;NA;NA;1;170;16;0.058823529;17;68;1;1;1;68
98;V17;1;F;LG;Small;5;6;437;123;0;438;0;93;439;0;39;440;0;78;441;0;0;442;0;79;66.33;3;3;10.67;3;2;NA;NA;NA;NA;NA;NA;2.35;NA;173;135;28.83333333;27;123;57.8;NA;68.03097345;0.5;6;D = 1.33;1;0;0;NA;NA;NA;NA;NA;NA;NA;NA;NA;NA;NA;NA;NA;3;66.33;3;0.5;6;123;3;1;1;41
99;V17;1;M;SG;Small;2;3;443;0;0;444;0;57;445;128;0;NA;NA;NA;NA;NA;NA;NA;NA;NA;57.5;2;1;8.5;6;3;0;0;2;0;0;0;2.04;NA;134;127;44.66666667;63.5;128;28.5;81.78913738;NA;0.25;8;D = 0.67;1;0;0;2;57.5;6;0.25;8;128;1;2;1;1;1;128;128;NA;NA;NA;NA;NA;NA;NA;NA;2;NA
100;V17;1;M;LG;Small;5;6;446;9;11;447;0;2;448;67;68;449;0;117;450;0;91;451;0;0;65;2;2;19.5;2;2;1;0;1;0;0;0;1.83;NA;269;230;44.83333333;46;76;57.8;56.80119581;NA;0.5;4;D = 1.33;2;79;79;2;65;2;0.5;4;76;2;1;1;0.490322581;0.490322581;77.5;77.5;NA;NA;NA;NA;NA;NA;NA;NA;1;NA
101;V17;1;M;LG;Small;5;6;452;0;0;453;0;0;454;0;0;455;0;1;456;60;12;457;0;1;38.5;2;1;16.86;7;3;0;0;0;0;2;0;2.2;2.23;252;213;42;42.6;60;2.8;95.54140127;NA;0.222222222;9;D = 1.33;1;12;12;2;38.5;7;0.222222222;9;60;1;2;1;0.833333333;0.833333333;72;72;NA;NA;NA;NA;NA;NA;NA;NA;2;NA
102;V17;1;F;SG;Small;2;3;458;75;0;459;0;106;460;0;79;NA;NA;NA;NA;NA;NA;NA;NA;NA;83;1;1;18.46;11;3;NA;NA;NA;NA;NA;NA;2.36;2.4;87;50;29;25;75;92.5;NA;44.7761194;0.083333333;12;D = 0.67;1;0;0;NA;NA;NA;NA;NA;NA;NA;NA;NA;NA;NA;NA;NA;1;83;11;0.083333333;12;75;1;1;1;75
103;V18;1;F;SG;Large;2;3;461;0;0;462;0;49;463;0;88;NA;NA;NA;NA;NA;NA;NA;NA;NA;44;1;1;21.85;13;2;NA;NA;NA;NA;NA;NA;2.53;NA;105;59;35;29.5;0;68.5;NA;0;0.071428571;14;D = 0.26;0;0;0;NA;NA;NA;NA;NA;NA;NA;NA;NA;NA;NA;NA;NA;1;44;13;0.071428571;14;0;1;1;1;0
104;V18;1;M;LG;Large;5;6;464;0;65;465;0;0;466;0;0;467;0;0;468;36;0;469;0;0;62.67;3;1;16.67;9;6;0;0;0;0;3;0;1.73;1.77;180;188;30;37.6;36;13;73.46938776;NA;0.25;12;D = 0.52;1;0;0;3;62.67;9;0.25;12;36;1;3;1;1;1;36;36;NA;NA;NA;NA;NA;NA;NA;NA;3;NA
105;V18;1;M;LG;Large;5;6;470;0;0;471;0;1;472;0;65;473;0;13;474;0;0;475;0;0;NA;0;0;12;15;6;0;0;0;0;0;0;2.19;NA;97;137;16.16666667;27.4;0;15.8;0;NA;NA;15;D = 0.52;0;0;0;0;NA;15;NA;15;0;0;NA;NA;NA;NA;NA;NA;NA;NA;NA;NA;NA;NA;NA;NA;NA;NA
106;V18;1;M;LG;Large;5;6;476;87;0;477;0;106;478;0;60;479;0;0;480;0;85;481;0;88;44;1;1;17.17;6;4;1;0;0;0;0;0;1.96;NA;119;132;19.83333333;26.4;87;67.8;56.20155039;NA;0.142857143;7;D = 0.52;1;0;0;1;44;6;0.142857143;7;87;1;1;1;1;1;87;87;NA;NA;NA;NA;NA;NA;NA;NA;1;NA
107;V18;1;F;SG;Large;2;3;482;122;0;483;0;1;484;0;0;NA;NA;NA;NA;NA;NA;NA;NA;NA;49.5;4;3;22.25;4;3;NA;NA;NA;NA;NA;NA;2.7;NA;60;36;20;18;122;0.5;NA;99.59183673;0.5;8;D = 0.26;1;0;0;NA;NA;NA;NA;NA;NA;NA;NA;NA;NA;NA;NA;NA;4;49.5;4;0.5;8;122;3;1.333333333;1.333333333;40.66666667
108;V18;1;F;SG;Large;2;3;485;99;0;486;0;84;487;0;103;NA;NA;NA;NA;NA;NA;NA;NA;NA;338;3;2;0;0;0;NA;NA;NA;NA;NA;NA;2.63;NA;69;51;23;25.5;99;93.5;NA;51.42857143;1;3;D = 0.26;1;0;0;NA;NA;NA;NA;NA;NA;NA;NA;NA;NA;NA;NA;NA;3;338;0;1;3;99;2;1.5;1.5;49.5
109;V19;1;M;SG;Small;2;3;488;105;0;489;0;0;490;0;61;NA;NA;NA;NA;NA;NA;NA;NA;NA;105;1;1;17.85;13;3;1;0;0;0;0;0;1.89;NA;137;124;45.66666667;62;105;30.5;77.49077491;NA;0.071428571;14;D = 0.67;1;0;0;1;105;13;0.071428571;14;105;1;1;1;1;1;105;105;NA;NA;NA;NA;NA;NA;NA;NA;1;NA
110;V19;1;F;SG;Small;2;3;491;0;0;492;0;89;493;0;0;NA;NA;NA;NA;NA;NA;NA;NA;NA;90.5;2;2;15.56;9;3;NA;NA;NA;NA;NA;NA;2.32;2.32;98;25;32.66666667;12.5;0;44.5;NA;0;0.181818182;11;D = 0.67;0;0;0;NA;NA;NA;NA;NA;NA;NA;NA;NA;NA;NA;NA;NA;2;90.5;9;0.181818182;11;0;2;1;1;0
111;V19;1;M;SG;Small;2;3;494;0;0;495;0;0;496;0;43;NA;NA;NA;NA;NA;NA;NA;NA;NA;62;2;1;15.06;16;3;0;2;0;0;0;0;1.81;NA;130;103;43.33333333;51.5;0;21.5;0;NA;0.111111111;18;D = 0.67;0;0;0;2;62;16;0.111111111;18;0;1;2;0;NA;NA;NA;0;NA;NA;NA;NA;NA;NA;NA;NA;2;NA
112;V19;1;M;LG;Small;5;6;497;0;53;498;0;0;499;0;0;500;0;0;501;1;98;502;0;0;39;1;1;18.33;6;6;0;0;0;1;1;0;1.72;1.69;200;178;33.33333333;35.6;1;30.2;3.205128205;NA;0.142857143;7;D = 1.33;1;98;98;1;39;6;0.142857143;7;1;1;1;1;0.01010101;0.01010101;99;99;NA;NA;NA;NA;NA;NA;NA;NA;1;NA
113;V19;1;F;LG;Small;5;6;503;106;0;504;0;0;505;0;0;506;0;76;507;0;79;508;0;48;80;3;3;9.67;3;3;NA;NA;NA;NA;NA;NA;2.36;NA;173;125;28.83333333;25;106;40.6;NA;72.30559345;0.5;6;D = 1.33;1;0;0;NA;NA;NA;NA;NA;NA;NA;NA;NA;NA;NA;NA;NA;3;80;3;0.5;6;106;3;1;1;35.33333333
114;V19;1;F;LG;Small;5;6;509;0;0;510;0;82;511;0;81;512;0;5;513;0;109;514;0;15;NA;0;0;10;6;3;NA;NA;NA;NA;NA;NA;2.2;2.23;255;195;42.5;39;0;58.4;NA;0;NA;6;D = 1.33;0;0;0;NA;NA;NA;NA;NA;NA;NA;NA;NA;NA;NA;NA;NA;0;NA;6;NA;6;0;0;NA;NA;NA
115;V20;1;F;SG;Large;2;3;515;118;0;516;0;0;517;0;0;NA;NA;NA;NA;NA;NA;NA;NA;NA;78.17;6;3;25.5;2;1;NA;NA;NA;NA;NA;NA;2.37;NA;100;66;33.33333333;33;118;0;NA;100;0.75;8;D = 0.26;1;0;0;NA;NA;NA;NA;NA;NA;NA;NA;NA;NA;NA;NA;NA;6;78.17;2;0.75;8;118;3;2;2;39.33333333
116;V20;1;M;SG;Large;2;3;518;0;94;519;0;0;520;0;0;NA;NA;NA;NA;NA;NA;NA;NA;NA;NA;0;0;10.75;20;3;0;0;0;0;0;0;1.72;1.6;92;85;30.66666667;42.5;0;47;0;NA;NA;20;D = 0.26;0;0;0;0;NA;20;NA;20;0;0;NA;NA;NA;NA;NA;NA;NA;NA;NA;NA;NA;NA;NA;NA;NA;NA
117;V20;1;F;LG;Large;5;6;521;0;0;522;0;82;523;0;1;524;0;83;525;0;22;526;0;68;NA;0;0;14.2;5;2;NA;NA;NA;NA;NA;NA;2.09;NA;63;44;10.5;8.8;0;51.2;NA;0;NA;5;D = 0.52;0;0;0;NA;NA;NA;NA;NA;NA;NA;NA;NA;NA;NA;NA;NA;0;NA;5;NA;5;0;0;NA;NA;NA
118;V20;1;F;LG;Large;5;6;527;101;0;528;0;0;529;0;0;530;0;68;531;0;0;532;0;0;80.2;5;5;15.44;9;3;NA;NA;NA;NA;NA;NA;2.42;2.41;73;42;12.16666667;8.4;101;13.6;NA;88.13263525;0.357142857;14;D = 0.52;1;0;0;NA;NA;NA;NA;NA;NA;NA;NA;NA;NA;NA;NA;NA;5;80.2;9;0.357142857;14;101;5;1;1;20.2
119;V20;1;M;LG;Large;5;6;533;0;1;534;0;0;535;0;0;NA;NA;NA;NA;NA;NA;NA;NA;NA;47.17;6;2;15;6;2;4;0;2;0;0;0;2.09;NA;88;82;14.66666667;16.4;0;0.2;0;NA;0.5;12;D = 0.52;0;0;1;6;47.17;6;0.5;12;0;2;3;0;NA;NA;NA;0.5;NA;NA;NA;NA;NA;NA;NA;NA;3;NA
120;V20;1;M;SG;Large;2;3;536;0;0;537;61;20;538;0;0;NA;NA;NA;NA;NA;NA;NA;NA;NA;49.5;2;1;12.25;4;2;0;2;0;0;0;0;2.01;NA;78;75;26;37.5;61;10;85.91549296;NA;0.333333333;6;D = 0.26;1;20;20;2;49.5;4;0.333333333;6;61;1;2;1;0.75308642;0.75308642;81;81;NA;NA;NA;NA;NA;NA;NA;NA;2;NA
122;V21;1;F;LG;Small;5;6;542;112;0;543;0;89;544;0;99;545;0;88;546;0;100;547;0;96;46.67;3;2;19.75;4;3;NA;NA;NA;NA;NA;NA;2.17;2.14;188;194;31.33333333;38.8;112;94.4;NA;54.26356589;0.428571429;7;D = 1.33;1;0;0;NA;NA;NA;NA;NA;NA;NA;NA;NA;NA;NA;NA;NA;3;46.67;4;0.428571429;7;112;2;1.5;1.5;56
124;V21;1;F;LG;Small;5;6;554;87;0;555;0;0;556;0;77;557;0;61;558;0;27;559;0;76;111;2;1;15.29;7;4;NA;NA;NA;NA;NA;NA;2.49;2.48;334;299;55.66666667;59.8;87;48.2;NA;64.34911243;0.222222222;9;D = 1.33;1;0;0;NA;NA;NA;NA;NA;NA;NA;NA;NA;NA;NA;NA;NA;2;111;7;0.222222222;9;87;1;2;2;87
125;V21;1;M;SG;Small;2;3;560;110;0;561;0;66;562;82;0;NA;NA;NA;NA;NA;NA;NA;NA;NA;61.83;6;3;0;0;0;1;2;1;0;0;0;1.85;1.85;189;136;63;68;192;33;85.33333333;NA;1;6;D = 0.67;2;0;66;6;61.83;0;1;6;192;3;2;0.666666667;1;0.666666667;96;86;NA;NA;NA;NA;NA;NA;NA;NA;2;NA
126;V21;1;M;SG;Small;2;3;563;0;54;564;14;34;565;86;0;NA;NA;NA;NA;NA;NA;NA;NA;NA;113.67;3;2;15.4;5;3;0;1;2;1;0;0;1.88;NA;147;115;49;57.5;100;44;69.44444444;NA;0.375;8;D = 0.67;2;34;NA;3;113.67;5;0.375;8;100;2;1.5;1;0.746268657;0.746268657;67;NA;NA;NA;NA;NA;NA;NA;NA;NA;1.5;NA
128;V22;1;F;LG;Large;5;6;569;62;0;570;0;93;571;0;0;572;0;84;573;0;90;574;0;92;62;1;1;25.67;3;2;NA;NA;NA;NA;NA;NA;2.15;2.1;109;97;18.16666667;19.4;62;71.8;NA;46.33781764;0.25;4;D = 0.52;1;0;0;NA;NA;NA;NA;NA;NA;NA;NA;NA;NA;NA;NA;NA;1;62;3;0.25;4;62;1;1;1;62
129;V22;1;M;LG;Large;5;6;575;0;1;576;0;72;577;45;63;578;23;32;579;0;0;580;0;99;54.33;3;2;8;3;2;0;1;1;1;0;0;2.35;NA;184;142;30.66666667;28.4;68;53.4;56.01317957;NA;0.5;6;D = 0.52;2;95;167;3;54.33;3;0.5;6;68;2;1.5;1;0.417177914;0.417177914;81.5;117.5;NA;NA;NA;NA;NA;NA;NA;NA;1.5;NA
130;V22;1;M;SG;Large;2;3;581;0;68;582;87;0;583;36;73;NA;NA;NA;NA;NA;NA;NA;NA;NA;89;2;2;14.35;17;3;2;4;4;0;0;0;1.7;NA;167;124;55.66666667;62;123;70.5;63.56589147;NA;0.105263158;19;D = 0.26;2;73;141;2;89;17;0.105263158;19;123;2;1;1;0.62755102;0.62755102;98;132;NA;NA;NA;NA;NA;NA;NA;NA;1;NA
131;V22;1;F;LG;Large;5;6;584;92;0;585;0;68;586;0;33;587;0;74;588;0;104;589;0;0;48;2;2;14.5;4;4;NA;NA;NA;NA;NA;NA;2.26;2.25;126;88;21;17.6;92;55.8;NA;62.24627876;0.333333333;6;D = 0.52;1;0;0;NA;NA;NA;NA;NA;NA;NA;NA;NA;NA;NA;NA;NA;2;48;4;0.333333333;6;92;2;1;1;46
132;V22;1;M;SG;Large;2;3;590;87;0;591;0;0;592;0;0;NA;NA;NA;NA;NA;NA;NA;NA;NA;132.2;10;3;29;1;1;NA;NA;NA;NA;NA;NA;1.9;NA;88;73;29.33333333;36.5;87;0;100;NA;0.909090909;11;D = 0.26;1;0;0;10;132.2;1;0.909090909;11;87;3;3.333333333;0.333333333;1;0.333333333;87;29;NA;NA;NA;NA;NA;NA;NA;NA;3.333333333;NA
133;V23;1;F;LG;Small;5;6;593;0;0;594;0;98;595;0;115;596;0;47;597;0;0;598;0;73;NA;0;0;9.5;6;3;NA;NA;NA;NA;NA;NA;2.39;2.35;190;184;31.66666667;36.8;0;66.6;NA;0;NA;6;D = 1.33;0;0;0;NA;NA;NA;NA;NA;NA;NA;NA;NA;NA;NA;NA;NA;0;NA;6;NA;6;0;0;NA;NA;NA
134;V23;1;F;SG;Small;2;3;599;86;0;600;0;69;601;0;62;NA;NA;NA;NA;NA;NA;NA;NA;NA;71.33;3;2;14.89;9;3;NA;NA;NA;NA;NA;NA;2;NA;152;70;50.66666667;35;86;65.5;NA;56.76567657;0.25;12;D = 0.67;1;0;0;NA;NA;NA;NA;NA;NA;NA;NA;NA;NA;NA;NA;NA;3;71.33;9;0.25;12;86;2;1.5;1.5;43
135;V23;1;M;LG;Small;5;6;602;0;37;603;0;72;604;1;0;605;0;58;606;0;0;607;0;0;94.33;3;1;15.2;5;3;0;3;1;0;0;0;1.99;1.99;160;154;26.66666667;30.8;1;33.4;2.906976744;NA;0.375;8;D = 1.33;1;0;72;3;94.33;5;0.375;8;1;1;3;1;1;1;1;73;NA;NA;NA;NA;NA;NA;NA;NA;3;NA
136;V23;1;M;SG;Small;2;3;608;0;2;609;0;2;610;59;12;NA;NA;NA;NA;NA;NA;NA;NA;NA;73;2;1;20;3;1;0;0;2;0;0;0;2.37;NA;186;159;62;79.5;59;8;88.05970149;NA;0.4;5;D = 0.67;1;12;12;2;73;3;0.4;5;59;1;2;1;0.830985915;0.830985915;71;71;NA;NA;NA;NA;NA;NA;NA;NA;2;NA
137;V23;1;F;SG;Small;2;3;611;0;0;612;0;68;613;0;83;NA;NA;NA;NA;NA;NA;NA;NA;NA;43;1;1;18.63;11;3;NA;NA;NA;NA;NA;NA;2.27;2.28;133;47;44.33333333;23.5;0;75.5;NA;0;0.083333333;12;D = 0.67;0;0;0;NA;NA;NA;NA;NA;NA;NA;NA;NA;NA;NA;NA;NA;1;43;11;0.083333333;12;0;1;1;1;0
138;V23;1;M;LG;Small;5;6;614;0;0;615;0;70;616;0;0;617;0;1;618;0;1;619;0;48;84.33;3;2;14.75;4;2;0;2;0;0;1;0;1.56;NA;145;180;24.16666667;36;0;24;0;NA;0.428571429;7;D = 1.33;0;0;71;3;84.33;4;0.428571429;7;0;2;1.5;0;NA;NA;NA;35.5;NA;NA;NA;NA;NA;NA;NA;NA;1.5;NA
139;V24;1;F;LG;Large;5;6;620;0;0;621;0;49;622;0;89;623;0;84;624;0;81;625;0;56;NA;0;0;17.5;2;1;NA;NA;NA;NA;NA;NA;2.64;NA;127;123;21.16666667;24.6;0;71.8;NA;0;NA;2;D = 0.52;0;0;0;NA;NA;NA;NA;NA;NA;NA;NA;NA;NA;NA;NA;NA;0;NA;2;NA;2;0;0;NA;NA;NA
141;V24;1;F;SG;Large;2;3;629;62;0;630;0;88;631;0;45;NA;NA;NA;NA;NA;NA;NA;NA;NA;117.33;3;2;13.5;2;1;NA;NA;NA;NA;NA;NA;2.02;1.98;76;45;25.33333333;22.5;62;66.5;NA;48.24902724;0.6;5;D = 0.26;1;0;0;NA;NA;NA;NA;NA;NA;NA;NA;NA;NA;NA;NA;NA;3;117.33;2;0.6;5;62;2;1.5;1.5;31
142;V24;1;M;LG;Large;5;6;632;0;0;633;0;52;634;0;0;635;0;75;636;0;84;637;0;55;NA;0;0;15;3;3;0;0;0;0;0;0;2.11;2.08;186;193;31;38.6;0;53.2;0;NA;NA;3;D = 0.52;0;0;0;0;NA;3;NA;3;0;0;NA;NA;NA;NA;NA;NA;NA;NA;NA;NA;NA;NA;NA;NA;NA;NA
143;V24;1;M;LG;Large;5;6;638;0;0;639;0;0;640;0;0;641;0;0;642;0;71;643;0;97;50;2;2;17.5;5;3;0;0;0;0;1;1;2.14;NA;197;224;32.83333333;44.8;0;33.6;0;NA;0.285714286;7;D = 0.52;0;0;168;2;50;5;0.285714286;7;0;2;1;0;NA;NA;NA;84;NA;NA;NA;NA;NA;NA;NA;NA;1;NA
144;V24;1;M;SG;Large;2;3;644;0;90;645;100;0;646;78;0;NA;NA;NA;NA;NA;NA;NA;NA;NA;87;2;2;11;1;1;0;1;1;0;0;0;1.74;NA;106;83;35.33333333;41.5;178;45;79.8206278;NA;0.666666667;3;D = 0.26;2;0;0;2;87;1;0.666666667;3;178;2;1;1;1;1;89;89;NA;NA;NA;NA;NA;NA;NA;NA;1;NA
145;V25;1;F;LG;Small;5;6;647;0;0;648;0;89;649;0;0;650;0;62;651;0;110;652;0;41;NA;0;0;15.67;3;2;NA;NA;NA;NA;NA;NA;2.12;2.18;141;101;23.5;20.2;0;60.4;NA;0;NA;3;D = 1.33;0;0;0;NA;NA;NA;NA;NA;NA;NA;NA;NA;NA;NA;NA;NA;0;NA;3;NA;3;0;0;NA;NA;NA
146;V25;1;F;LG;Small;5;6;653;6;0;654;0;54;655;0;62;656;0;104;657;0;0;658;0;86;41;2;2;16.67;3;3;NA;NA;NA;NA;NA;NA;1.66;NA;218;191;36.33333333;38.2;6;61.2;NA;8.928571429;0.4;5;D = 1.33;1;0;0;NA;NA;NA;NA;NA;NA;NA;NA;NA;NA;NA;NA;NA;2;41;3;0.4;5;6;2;1;1;3
147;V25;1;M;SG;Small;2;3;659;0;0;660;0;105;661;16;0;NA;NA;NA;NA;NA;NA;NA;NA;NA;60.25;4;2;16;11;2;0;1;3;0;0;0;1.88;NA;182;149;60.66666667;74.5;16;52.5;23.35766423;NA;0.266666667;15;D = 0.67;1;0;105;4;60.25;11;0.266666667;15;16;2;2;0.5;1;0.5;16;60.5;NA;NA;NA;NA;NA;NA;NA;NA;2;NA
148;V25;1;M;SG;Small;2;3;662;91;26;663;0;84;664;0;89;NA;NA;NA;NA;NA;NA;NA;NA;NA;81;5;2;25.25;4;2;4;1;0;0;0;0;2.13;NA;183;180;61;90;91;99.5;47.76902887;NA;0.555555556;9;D = 0.67;1;26;110;5;81;4;0.555555556;9;91;2;2.5;0.5;0.777777778;0.388888889;117;100.5;NA;NA;NA;NA;NA;NA;NA;NA;2.5;NA
149;V25;1;M;SG;Small;2;3;665;0;0;666;0;1;667;21;58;NA;NA;NA;NA;NA;NA;NA;NA;NA;50;2;1;13.6;10;3;0;0;2;0;0;0;2.09;NA;179;147;59.66666667;73.5;21;29.5;41.58415842;NA;0.166666667;12;D = 0.67;1;58;58;2;50;10;0.166666667;12;21;1;2;1;0.265822785;0.265822785;79;79;NA;NA;NA;NA;NA;NA;NA;NA;2;NA
150;V25;1;F;LG;Small;5;6;668;95;0;669;0;82;670;0;92;671;0;85;672;0;0;673;0;71;93.5;2;2;13;5;3;NA;NA;NA;NA;NA;NA;1.98;2;197;134;32.83333333;26.8;95;66;NA;59.00621118;0.285714286;7;D = 1.33;1;0;0;NA;NA;NA;NA;NA;NA;NA;NA;NA;NA;NA;NA;NA;2;93.5;5;0.285714286;7;95;2;1;1;47.5
151;V26;1;F;LG;Large;5;6;674;96;0;675;0;95;676;0;116;678;0;92;679;0;56;680;0;83;52.33;3;3;13.5;4;2;NA;NA;NA;NA;NA;NA;2.35;2.3;120;57;20;11.4;96;88.4;NA;52.06073753;0.428571429;7;D = 0.52;1;0;0;NA;NA;NA;NA;NA;NA;NA;NA;NA;NA;NA;NA;NA;3;52.33;4;0.428571429;7;96;3;1;1;32
152;V26;1;F;SG;Large;2;3;681;0;0;682;0;0;683;0;87;NA;NA;NA;NA;NA;NA;NA;NA;NA;46;1;1;0;0;0;NA;NA;NA;NA;NA;NA;2.04;2;55;15;18.33333333;7.5;0;43.5;NA;0;1;1;D = 0.26;0;0;0;NA;NA;NA;NA;NA;NA;NA;NA;NA;NA;NA;NA;NA;1;46;0;1;1;0;1;1;1;0
153;V26;1;M;SG;Large;2;3;684;0;0;685;13;70;686;0;0;NA;NA;NA;NA;NA;NA;NA;NA;NA;98.67;3;1;14.63;19;3;0;3;0;0;0;0;2;NA;155;122;51.66666667;61;13;35;27.08333333;NA;0.136363636;22;D = 0.26;1;70;70;3;98.67;19;0.136363636;22;13;1;3;1;0.156626506;0.156626506;83;83;NA;NA;NA;NA;NA;NA;NA;NA;3;NA
154;V26;1;F;LG;Large;5;6;687;0;0;688;0;60;689;0;56;690;0;0;691;0;59;692;0;50;NA;0;0;12;10;5;NA;NA;NA;NA;NA;NA;2.13;2.12;181;118;30.16666667;23.6;0;45;NA;0;NA;10;D = 0.52;0;0;0;NA;NA;NA;NA;NA;NA;NA;NA;NA;NA;NA;NA;NA;0;NA;10;NA;10;0;0;NA;NA;NA
155;V26;1;M;LG;Large;5;6;693;0;50;694;0;0;695;0;0;696;0;0;697;0;0;698;25;27;41;1;1;20;4;3;0;1;0;0;0;1;2.21;NA;124;129;20.66666667;25.8;25;15.4;61.88118812;NA;0.2;5;D = 0.52;1;27;27;1;41;4;0.2;5;25;1;1;1;0.480769231;0.480769231;52;52;NA;NA;NA;NA;NA;NA;NA;NA;1;NA
156;V26;1;M;SG;Large;2;3;699;18;17;700;0;79;701;70;0;NA;NA;NA;NA;NA;NA;NA;NA;NA;131;4;2;17.2;5;2;3;0;1;0;0;0;1.56;NA;61;47;20.33333333;23.5;88;48;64.70588235;NA;0.444444444;9;D = 0.26;2;17;17;4;131;5;0.444444444;9;88;2;2;1;0.838095238;0.838095238;52.5;52.5;NA;NA;NA;NA;NA;NA;NA;NA;2;NA
157;V27;1;M;SG;Small;2;3;702;0;0;703;0;0;704;65;30;NA;NA;NA;NA;NA;NA;NA;NA;NA;58;2;2;18.33;9;3;1;0;1;0;0;0;2.05;NA;140;126;46.66666667;63;65;15;81.25;NA;0.181818182;11;D = 0.67;1;30;30;2;58;9;0.181818182;11;65;2;1;0.5;0.684210526;0.342105263;95;47.5;NA;NA;NA;NA;NA;NA;NA;NA;1;NA
158;V27;1;F;SG;Small;2;3;705;105;0;706;0;77;707;0;92;NA;NA;NA;NA;NA;NA;NA;NA;NA;93;1;1;11.5;2;2;NA;NA;NA;NA;NA;NA;2.06;2.05;101;63;33.66666667;31.5;105;84.5;NA;55.40897098;0.333333333;3;D = 0.67;1;0;0;NA;NA;NA;NA;NA;NA;NA;NA;NA;NA;NA;NA;NA;1;93;2;0.333333333;3;105;1;1;1;105
159;V27;1;F;LG;Small;5;6;708;56;0;709;0;90;710;0;76;711;0;41;712;0;83;713;0;80;56.2;5;4;18.25;4;3;NA;NA;NA;NA;NA;NA;2.35;2.31;191;164;31.83333333;32.8;56;74;NA;43.07692308;0.555555556;9;D = 1.33;1;0;0;NA;NA;NA;NA;NA;NA;NA;NA;NA;NA;NA;NA;NA;5;56.2;4;0.555555556;9;56;4;1.25;1.25;14
163;V28;1;F;SG;Large;2;3;729;98;0;730;0;0;731;0;96;NA;NA;NA;NA;NA;NA;NA;NA;NA;155.67;6;3;13.5;2;2;NA;NA;NA;NA;NA;NA;2.15;2.2;33;7;11;3.5;98;48;NA;67.12328767;0.75;8;D = 0.26;1;0;0;NA;NA;NA;NA;NA;NA;NA;NA;NA;NA;NA;NA;NA;6;155.67;2;0.75;8;98;3;2;2;32.66666667
164;V28;1;F;SG;Large;2;3;732;0;0;733;0;103;734;0;100;NA;NA;NA;NA;NA;NA;NA;NA;NA;41;1;1;26.25;4;2;NA;NA;NA;NA;NA;NA;2.13;2.11;76;26;25.33333333;13;0;101.5;NA;0;0.2;5;D = 0.26;0;0;0;NA;NA;NA;NA;NA;NA;NA;NA;NA;NA;NA;NA;NA;1;41;4;0.2;5;0;1;1;1;0
165;V28;1;M;LG;Large;5;6;738;0;78;739;0;0;740;0;0;741;0;81;742;0;0;743;43;47;71.67;3;3;16.5;12;5;0;0;1;0;1;1;2.03;2.04;167;123;27.83333333;24.6;43;41.2;51.06888361;NA;0.2;15;D = 0.52;1;47;47;3;71.67;12;0.2;15;43;3;1;0.333333333;0.477777778;0.159259259;90;30;NA;NA;NA;NA;NA;NA;NA;NA;1;NA
166;V28;1;M;LG;Large;5;6;744;0;60;745;0;60;746;90;0;747;0;0;748;0;63;749;0;0;70;1;1;16.57;7;3;0;0;1;0;0;0;2.34;2.32;73;107;12.16666667;21.4;90;36.6;71.09004739;NA;0.125;8;D = 0.52;1;0;0;1;70;7;0.125;8;90;1;1;1;1;1;90;90;NA;NA;NA;NA;NA;NA;NA;NA;1;NA
167;V28;1;M;SG;Large;2;3;750;20;31;751;0;0;752;0;0;NA;NA;NA;NA;NA;NA;NA;NA;NA;70.4;5;2;23.14;7;2;2;0;3;0;0;0;1.92;NA;57;43;19;21.5;20;15.5;56.33802817;NA;0.416666667;12;D = 0.26;1;31;31;5;70.4;7;0.416666667;12;20;2;2.5;0.5;0.392156863;0.196078431;51;25.5;NA;NA;NA;NA;NA;NA;NA;NA;2.5;NA
169;V29;2;M;LG;Large;5;6;756;0;0;757;0;0;758;0;0;759;0;0;760;0;82;761;0;60;NA;0;0;6;2;1;0;0;0;0;0;0;1.8;NA;43;78;7.166666667;15.6;0;28.4;0;NA;NA;2;D = 0.52;0;0;0;0;NA;2;NA;2;0;0;NA;NA;NA;NA;NA;NA;NA;NA;NA;NA;NA;NA;NA;NA;NA;NA
170;V29;2;M;LG;Large;5;6;762;0;50;763;0;0;764;0;0;765;4;22;766;0;101;767;112;0;79.5;2;2;21.33;3;3;0;0;0;1;1;1;2.25;NA;158;102;26.33333333;20.4;116;34.6;77.0252324;NA;0.4;5;D = 0.52;2;22;123;2;79.5;3;0.4;5;116;2;1;1;0.84057971;0.84057971;69;119.5;NA;NA;NA;NA;NA;NA;NA;NA;1;NA
171;V29;2;F;SG;Large;2;3;768;104;0;769;0;89;770;0;0;NA;NA;NA;NA;NA;NA;NA;NA;NA;77.67;6;2;16.34;8;1;NA;NA;NA;NA;NA;NA;2.54;NA;39;18;13;9;104;44.5;NA;70.03367003;0.428571429;14;D = 0.26;1;0;0;NA;NA;NA;NA;NA;NA;NA;NA;NA;NA;NA;NA;NA;6;77.67;8;0.428571429;14;104;2;3;3;52
172;V29;2;M;SG;Large;2;3;771;0;89;772;0;0;773;0;0;NA;NA;NA;NA;NA;NA;NA;NA;NA;95.33;3;2;14.75;4;3;1;0;2;0;0;0;1.89;1.87;42;22;14;11;0;44.5;0;NA;0.428571429;7;D = 0.26;0;0;89;3;95.33;4;0.428571429;7;0;2;1.5;0;NA;NA;NA;44.5;NA;NA;NA;NA;NA;NA;NA;NA;1.5;NA
173;V29;2;F;SG;Large;2;3;774;42;0;775;0;65;776;0;105;NA;NA;NA;NA;NA;NA;NA;NA;NA;77;3;2;24.4;5;2;NA;NA;NA;NA;NA;NA;1.83;NA;38;21;12.66666667;10.5;42;85;NA;33.07086614;0.375;8;D = 0.26;1;0;0;NA;NA;NA;NA;NA;NA;NA;NA;NA;NA;NA;NA;NA;3;77;5;0.375;8;42;2;1.5;1.5;21
173;V29;2;F;SG;Large;2;3;774;42;0;775;0;65;776;0;105;NA;NA;NA;NA;NA;NA;NA;NA;NA;77;3;2;24.4;5;2;NA;NA;NA;NA;NA;NA;2.63;NA;38;21;12.66666667;10.5;42;85;NA;33.07086614;0.375;8;D = 0.26;1;0;0;NA;NA;NA;NA;NA;NA;NA;NA;NA;NA;NA;NA;NA;3;77;5;0.375;8;42;2;1.5;1.5;21
174;V29;2;F;LG;Large;5;6;777;0;0;778;0;65;779;0;67;780;0;108;781;0;90;782;0;44;53;2;2;16;7;2;NA;NA;NA;NA;NA;NA;2.03;NA;81;97;13.5;19.4;0;74.8;NA;0;0.222222222;9;D = 0.52;0;0;0;NA;NA;NA;NA;NA;NA;NA;NA;NA;NA;NA;NA;NA;2;53;7;0.222222222;9;0;2;1;1;0
175;V30;2;F;SG;Small;2;3;783;90;0;784;0;115;785;0;69;NA;NA;NA;NA;NA;NA;NA;NA;NA;55;3;1;17.17;6;2;NA;NA;NA;NA;NA;NA;2.58;NA;83;38;27.66666667;19;90;92;NA;49.45054945;0.333333333;9;D = 0.67;1;0;0;NA;NA;NA;NA;NA;NA;NA;NA;NA;NA;NA;NA;NA;3;55;6;0.333333333;9;90;1;3;3;90
176;V30;2;M;LG;Small;5;6;786;0;39;787;36;56;787;36;56;789;0;95;790;0;0;791;0;0;62.25;4;3;18.67;6;3;0;2;1;0;1;1;1.82;NA;59;87;9.833333333;17.4;72;49.2;59.40594059;NA;0.4;10;D = 1.33;2;112;112;4;62.25;6;0.4;10;72;3;1.333333333;0.666666667;0.391304348;0.260869565;92;61.33333333;NA;NA;NA;NA;NA;NA;NA;NA;1.333333333;NA
177;V30;2;F;LG;Small;5;6;792;119;0;793;0;78;794;0;2;795;0;96;796;0;105;797;0;89;81.67;6;5;13.2;5;4;NA;NA;NA;NA;NA;NA;2.35;NA;50;53;8.333333333;10.6;119;74;NA;61.65803109;0.545454545;11;D = 1.33;1;0;0;NA;NA;NA;NA;NA;NA;NA;NA;NA;NA;NA;NA;NA;6;81.67;5;0.545454545;11;119;5;1.2;1.2;23.8
179;V30;2;F;LG;Small;5;6;801;82;0;802;0;84;803;0;90;804;0;72;805;0;100;806;0;79;83.5;4;3;9;3;3;NA;NA;NA;NA;NA;NA;1.82;NA;59;49;9.833333333;9.8;82;85;NA;49.10179641;0.571428571;7;D = 1.33;1;0;0;NA;NA;NA;NA;NA;NA;NA;NA;NA;NA;NA;NA;NA;4;83.5;3;0.571428571;7;82;3;1.333333333;1.333333333;27.33333333
181;V31;2;M;LG;Small;5;6;810;0;0;811;11;15;812;0;0;813;0;0;814;0;40;815;97;0;68;3;2;17;6;3;0;1;0;2;0;1;2.09;NA;68;59;11.33333333;11.8;108;11;90.75630252;NA;0.333333333;9;D = 1.33;2;15;15;3;68;6;0.333333333;9;108;2;1.5;1;0.87804878;0.87804878;61.5;61.5;NA;NA;NA;NA;NA;NA;NA;NA;1.5;NA
182;V31;2;M;LG;Small;5;6;816;0;0;817;0;0;818;0;0;819;42;24;820;0;84;821;0;93;156;1;1;14.63;8;3;0;0;0;1;0;0;2.07;2.08;105;93;17.5;18.6;42;40.2;51.09489051;NA;0.111111111;9;D = 1.33;1;24;24;1;156;8;0.111111111;9;42;1;1;1;0.636363636;0.636363636;66;66;NA;NA;NA;NA;NA;NA;NA;NA;1;NA
183;V31;2;F;SG;Small;2;3;822;49;0;823;0;78;824;0;0;NA;NA;NA;NA;NA;NA;NA;NA;NA;40.67;3;1;15.44;9;2;NA;NA;NA;NA;NA;NA;2.51;2.48;70;32;23.33333333;16;49;39;NA;55.68181818;0.25;12;D = 0.67;1;0;0;NA;NA;NA;NA;NA;NA;NA;NA;NA;NA;NA;NA;NA;3;40.67;9;0.25;12;49;1;3;3;49
185;V31;2;M;LG;Small;5;6;828;0;60;829;0;114;830;109;0;831;0;0;832;0;13;833;0;0;53.5;2;2;10.4;5;3;0;0;1;1;0;0;2.04;2.06;113;121;18.83333333;24.2;109;37.4;74.45355191;NA;0.285714286;7;D = 1.33;1;0;0;2;53.5;5;0.285714286;7;109;2;1;0.5;1;0.5;109;54.5;NA;NA;NA;NA;NA;NA;NA;NA;1;NA
186;V31;2;F;SG;Small;2;3;834;25;0;835;0;98;836;0;91;NA;NA;NA;NA;NA;NA;NA;NA;NA;65.67;3;2;0;0;0;NA;NA;NA;NA;NA;NA;2.17;NA;82;45;27.33333333;22.5;25;94.5;NA;20.92050209;1;3;D = 0.67;1;0;0;NA;NA;NA;NA;NA;NA;NA;NA;NA;NA;NA;NA;NA;3;65.67;0;1;3;25;2;1.5;1.5;12.5
188;V32;2;F;SG;Large;2;3;840;0;0;841;0;61;842;0;49;NA;NA;NA;NA;NA;NA;NA;NA;NA;127.14;7;3;27;3;1;NA;NA;NA;NA;NA;NA;2.26;NA;38;10;12.66666667;5;0;55;NA;0;0.7;10;D = 0.26;0;0;0;NA;NA;NA;NA;NA;NA;NA;NA;NA;NA;NA;NA;NA;7;127.14;3;0.7;10;0;3;2.333333333;2.333333333;0
189;V32;2;M;LG;Large;5;6;843;0;0;844;0;0;845;0;0;846;0;24;847;0;0;848;0;0;59.5;6;4;35;2;2;1;0;2;2;0;0;1.75;NA;57;58;9.5;11.6;0;4.8;0;NA;0.75;8;D = 0.52;0;0;24;6;59.5;2;0.75;8;0;4;1.5;0;NA;NA;NA;6;NA;NA;NA;NA;NA;NA;NA;NA;1.5;NA
190;V32;2;F;SG;Large;2;3;849;94;0;850;0;53;851;0;81;NA;NA;NA;NA;NA;NA;NA;NA;NA;56;1;1;23.4;10;3;NA;NA;NA;NA;NA;NA;2.07;NA;72;24;24;12;94;67;NA;58.38509317;0.090909091;11;D = 0.26;1;0;0;NA;NA;NA;NA;NA;NA;NA;NA;NA;NA;NA;NA;NA;1;56;10;0.090909091;11;94;1;1;1;94
191;V32;2;M;LG;Large;5;6;852;0;2;853;73;0;854;75;0;855;0;0;856;0;42;857;0;2;70.43;7;5;15.14;7;4;1;1;3;1;0;1;2.13;NA;79;58;13.16666667;11.6;148;9.2;94.1475827;NA;0.5;14;D = 0.52;2;0;4;7;70.43;7;0.5;14;148;5;1.4;0.4;1;0.4;74;30.4;NA;NA;NA;NA;NA;NA;NA;NA;1.4;NA
192;V32;2;M;LG;Large;5;6;858;0;56;859;0;0;860;0;101;861;0;0;862;0;52;863;0;110;87;3;2;9.75;4;3;0;0;0;0;1;2;2.08;NA;54;73;9;14.6;0;63.8;0;NA;0.428571429;7;D = 0.52;0;0;162;3;87;4;0.428571429;7;0;2;1.5;0;NA;NA;NA;81;NA;NA;NA;NA;NA;NA;NA;NA;1.5;NA
193;V33;2;M;LG;Small;5;6;864;0;0;865;0;0;866;0;47;867;0;0;868;0;0;869;0;7;84.75;4;2;17;5;3;2;0;2;0;0;0;1.78;1.79;62;81;10.33333333;16.2;0;10.8;0;NA;0.444444444;9;D = 1.33;0;0;47;4;84.75;5;0.444444444;9;0;2;2;0;NA;NA;NA;23.5;NA;NA;NA;NA;NA;NA;NA;NA;2;NA
194;V33;2;M;SG;Small;2;3;870;22;9;871;0;0;872;101;0;NA;NA;NA;NA;NA;NA;NA;NA;NA;68.75;4;2;9;1;1;2;0;2;0;0;0;2.09;2.08;60;77;20;38.5;123;4.5;96.47058824;NA;0.8;5;D = 0.67;2;9;9;4;68.75;1;0.8;5;123;2;2;1;0.931818182;0.931818182;66;66;NA;NA;NA;NA;NA;NA;NA;NA;2;NA
195;V33;2;F;SG;Small;2;3;873;0;0;874;0;98;875;0;89;NA;NA;NA;NA;NA;NA;NA;NA;NA;91.5;2;2;22.8;5;2;NA;NA;NA;NA;NA;NA;2;2.02;52;31;17.33333333;15.5;0;93.5;NA;0;0.285714286;7;D = 0.67;0;0;0;NA;NA;NA;NA;NA;NA;NA;NA;NA;NA;NA;NA;NA;2;91.5;5;0.285714286;7;0;2;1;1;0
196;V33;2;F;SG;Small;2;3;876;20;0;877;0;95;878;0;58;NA;NA;NA;NA;NA;NA;NA;NA;NA;93.3;10;3;23.14;7;2;NA;NA;NA;NA;NA;NA;1.78;NA;57;25;19;12.5;20;76.5;NA;20.7253886;0.588235294;17;D = 0.67;1;0;0;NA;NA;NA;NA;NA;NA;NA;NA;NA;NA;NA;NA;NA;10;93.3;7;0.588235294;17;20;3;3.333333333;3.333333333;6.666666667
197;V33;2;M;LG;Small;5;6;879;0;0;880;63;0;881;29;54;882;0;127;883;0;62;884;0;88;119.2;5;4;16.89;9;5;0;1;1;2;0;1;1.79;1.79;88;94;14.66666667;18.8;92;66.2;58.15423515;NA;0.357142857;14;D = 1.33;2;54;269;5;119.2;9;0.357142857;14;92;4;1.25;0.5;0.630136986;0.315068493;73;90.25;NA;NA;NA;NA;NA;NA;NA;NA;1.25;NA
199;V34;2;M;SG;Large;2;3;891;0;0;892;0;60;893;0;85;NA;NA;NA;NA;NA;NA;NA;NA;NA;66;4;2;24.86;7;2;2;0;2;0;0;0;1.68;1.69;43;50;14.33333333;25;0;72.5;0;NA;0.363636364;11;D = 0.26;0;0;85;4;66;7;0.363636364;11;0;2;2;0;NA;NA;NA;42.5;NA;NA;NA;NA;NA;NA;NA;NA;2;NA
200;V34;2;F;LG;Large;5;6;894;80;0;895;0;104;896;0;71;897;0;56;898;0;33;899;0;107;43;1;1;15;7;3;NA;NA;NA;NA;NA;NA;2.03;NA;83;47;13.83333333;9.4;80;74.2;NA;51.88067445;0.125;8;D = 0.52;1;0;0;NA;NA;NA;NA;NA;NA;NA;NA;NA;NA;NA;NA;NA;1;43;7;0.125;8;80;1;1;1;80
201;V34;2;M;LG;Large;5;6;900;0;39;901;103;0;902;0;0;903;0;0;904;0;0;905;0;85;55;1;1;18.25;8;4;0;1;0;0;0;0;2.06;2.03;121;126;20.16666667;25.2;103;24.8;80.59467919;NA;0.111111111;9;D = 0.52;1;0;0;1;55;8;0.111111111;9;103;1;1;1;1;1;103;103;NA;NA;NA;NA;NA;NA;NA;NA;1;NA
202;V34;2;M;SG;Large;2;3;906;0;93;907;54;0;908;0;0;NA;NA;NA;NA;NA;NA;NA;NA;NA;46.67;3;2;14;11;2;1;2;0;0;0;0;1.78;NA;85;60;28.33333333;30;54;46.5;53.73134328;NA;0.214285714;14;D = 0.26;1;0;93;3;46.67;11;0.214285714;14;54;2;1.5;0.5;1;0.5;54;73.5;NA;NA;NA;NA;NA;NA;NA;NA;1.5;NA
203;V34;2;F;SG;Large;2;3;909;0;0;910;0;111;911;0;112;NA;NA;NA;NA;NA;NA;NA;NA;NA;120;2;2;17.75;8;2;NA;NA;NA;NA;NA;NA;2.62;2.61;84;54;28;27;0;111.5;NA;0;0.2;10;D = 0.26;0;0;0;NA;NA;NA;NA;NA;NA;NA;NA;NA;NA;NA;NA;NA;2;120;8;0.2;10;0;2;1;1;0
259;V44;2;F;LG;Large;5;6;1158;64;0;1159;0;0;1160;0;126;1161;0;92;1162;0;111;1163;0;90;63;4;3;14.4;5;5;NA;NA;NA;NA;NA;NA;2.5;NA;81;52;13.5;10.4;64;83.8;NA;43.30175913;0.444444444;9;D = 0.52;1;0;0;NA;NA;NA;NA;NA;NA;NA;NA;NA;NA;NA;NA;NA;4;63;5;0.444444444;9;64;3;1.333333333;1.333333333;21.33333333
260;V44;2;M;LG;Large;5;6;1164;0;0;1165;0;0;1166;105;0;1167;0;0;1168;0;79;1169;0;0;99;1;1;26;1;1;0;0;1;0;0;0;2.03;NA;74;75;12.33333333;15;105;15.8;86.9205298;NA;0.5;2;D = 0.52;1;0;0;1;99;1;0.5;2;105;1;1;1;1;1;105;105;NA;NA;NA;NA;NA;NA;NA;NA;1;NA
261;V44;2;F;SG;Large;2;3;1170;0;0;1171;0;104;1172;0;111;NA;NA;NA;NA;NA;NA;NA;NA;NA;120.67;3;2;19.44;9;2;NA;NA;NA;NA;NA;NA;2.39;NA;52;22;17.33333333;11;0;107.5;NA;0;0.25;12;D = 0.26;0;0;0;NA;NA;NA;NA;NA;NA;NA;NA;NA;NA;NA;NA;NA;3;120.67;9;0.25;12;0;2;1.5;1.5;0
262;V44;2;M;LG;Large;5;6;1173;0;89;1174;0;101;1175;0;86;1176;0;84;1177;0;0;1178;0;105;55.5;4;2;20.67;6;4;0;3;1;0;0;0;1.75;1.78;82;95;13.66666667;19;0;93;0;NA;0.4;10;D = 0.52;0;0;187;4;55.5;6;0.4;10;0;2;2;0;NA;NA;NA;93.5;NA;NA;NA;NA;NA;NA;NA;NA;2;NA
264;V44;2;F;SG;Large;2;3;1182;0;0;1183;0;90;1184;0;98;NA;NA;NA;NA;NA;NA;NA;NA;NA;155;2;1;17.29;7;2;NA;NA;NA;NA;NA;NA;2.27;NA;52;28;17.33333333;14;0;94;NA;0;0.222222222;9;D = 0.26;0;0;0;NA;NA;NA;NA;NA;NA;NA;NA;NA;NA;NA;NA;NA;2;155;7;0.222222222;9;0;1;2;2;0
265;V45;2;F;LG;Small;5;6;1185;0;0;1186;0;101;1187;0;70;1188;0;0;1189;0;95;1190;0;116;93;1;1;9;4;2;NA;NA;NA;NA;NA;NA;2.47;NA;113;92;18.83333333;18.4;0;76.4;NA;0;0.2;5;D = 1.33;0;0;0;NA;NA;NA;NA;NA;NA;NA;NA;NA;NA;NA;NA;NA;1;93;4;0.2;5;0;1;1;1;0
266;V45;2;F;LG;Small;5;6;1191;0;0;1192;0;73;1193;0;86;1194;0;103;1195;0;85;1196;0;87;NA;0;0;16;1;1;NA;NA;NA;NA;NA;NA;2.35;NA;90;62;15;12.4;0;86.8;NA;0;NA;1;D = 1.33;0;0;0;NA;NA;NA;NA;NA;NA;NA;NA;NA;NA;NA;NA;NA;0;NA;1;NA;1;0;0;NA;NA;NA
267;V45;2;M;SG;Small;2;3;1197;0;0;1198;107;0;1199;0;0;NA;NA;NA;NA;NA;NA;NA;NA;NA;67.33;3;2;14.5;4;2;0;2;1;0;0;0;1.76;NA;61;46;20.33333333;23;107;0;100;NA;0.428571429;7;D = 0.67;1;0;0;3;67.33;4;0.428571429;7;107;2;1.5;0.5;1;0.5;107;53.5;NA;NA;NA;NA;NA;NA;NA;NA;1.5;NA
268;V45;2;M;LG;Small;5;6;1200;0;0;1201;0;0;1202;0;34;1203;43;54;1204;0;0;1205;0;62;77;3;2;20.67;6;4;0;0;0;2;0;1;2.02;NA;86;125;14.33333333;25;43;30;58.90410959;NA;0.333333333;9;D = 1.33;1;54;116;3;77;6;0.333333333;9;43;2;1.5;0.5;0.443298969;0.221649485;97;79.5;NA;NA;NA;NA;NA;NA;NA;NA;1.5;NA
269;V45;2;F;SG;Small;2;3;1206;0;0;1207;0;78;1208;0;66;NA;NA;NA;NA;NA;NA;NA;NA;NA;53.33;3;2;14.85;13;2;NA;NA;NA;NA;NA;NA;2.57;NA;69;23;23;11.5;0;72;NA;0;0.1875;16;D = 0.67;0;0;0;NA;NA;NA;NA;NA;NA;NA;NA;NA;NA;NA;NA;NA;3;53.33;13;0.1875;16;0;2;1.5;1.5;0
270;V45;2;M;SG;Small;2;3;1209;0;0;1210;0;0;1211;31;69;NA;NA;NA;NA;NA;NA;NA;NA;NA;178;2;2;22;2;2;0;1;1;0;0;0;1.87;1.89;58;33;19.33333333;16.5;31;34.5;47.32824427;NA;0.5;4;D = 0.67;1;69;69;2;178;2;0.5;4;31;2;1;0.5;0.31;0.155;100;50;NA;NA;NA;NA;NA;NA;NA;NA;1;NA
271;V46;2;F;SG;Large;2;3;1212;0;0;1213;0;76;1214;0;63;NA;NA;NA;NA;NA;NA;NA;NA;NA;59;1;1;0;0;0;NA;NA;NA;NA;NA;NA;2.13;NA;54;19;18;9.5;0;69.5;NA;0;1;1;D = 0.26;0;0;0;NA;NA;NA;NA;NA;NA;NA;NA;NA;NA;NA;NA;NA;1;59;0;1;1;0;1;1;1;0
272;V46;2;F;SG;Large;2;3;1215;118;0;1216;0;54;1217;0;92;NA;NA;NA;NA;NA;NA;NA;NA;NA;64;1;1;18;4;1;NA;NA;NA;NA;NA;NA;2.17;NA;48;26;16;13;118;73;NA;61.78010471;0.2;5;D = 0.26;1;0;0;NA;NA;NA;NA;NA;NA;NA;NA;NA;NA;NA;NA;NA;1;64;4;0.2;5;118;1;1;1;118
273;V46;2;F;LG;Large;5;6;1218;76;0;1219;0;46;1220;0;0;1221;0;0;1222;0;95;1223;0;50;68.75;4;3;17.37;6;5;NA;NA;NA;NA;NA;NA;2.14;NA;78;48;13;9.6;76;38.2;NA;66.54991243;0.4;10;D = 0.52;1;0;0;NA;NA;NA;NA;NA;NA;NA;NA;NA;NA;NA;NA;NA;4;68.75;6;0.4;10;76;3;1.333333333;1.333333333;25.33333333
274;V46;2;M;LG;Large;5;6;1224;32;42;1225;0;0;1226;0;0;1227;0;0;1228;0;0;1229;24;41;81.33;3;2;17.75;12;5;1;1;0;0;0;2;2.21;NA;139;131;23.16666667;26.2;56;16.6;77.13498623;NA;0.2;15;D = 0.52;2;83;83;3;81.33;12;0.2;15;56;2;1.5;1;0.402877698;0.402877698;69.5;69.5;NA;NA;NA;NA;NA;NA;NA;NA;1.5;NA
275;V46;2;M;LG;Large;5;6;1230;0;0;1231;0;98;1232;0;34;1233;0;0;1234;90;28;1235;0;0;41;1;1;10.5;2;2;0;0;0;0;1;0;1.93;NA;72;90;12;18;90;32;73.7704918;NA;0.333333333;3;D = 0.52;1;28;28;1;41;2;0.333333333;3;90;1;1;1;0.762711864;0.762711864;118;118;NA;NA;NA;NA;NA;NA;NA;NA;1;NA
276;V46;2;M;SG;Large;2;3;1236;51;36;1237;0;0;1238;0;0;NA;NA;NA;NA;NA;NA;NA;NA;NA;65;1;1;12.88;16;2;1;0;0;0;0;0;1.74;NA;55;74;18.33333333;37;51;18;73.91304348;NA;0.058823529;17;D = 0.26;1;36;36;1;65;16;0.058823529;17;51;1;1;1;0.586206897;0.586206897;87;87;NA;NA;NA;NA;NA;NA;NA;NA;1;NA
277;V47;2;F;LG;Small;5;6;1239;0;0;1240;0;60;1241;0;0;1242;0;0;1243;0;121;1244;0;110;75;2;2;24;1;1;NA;NA;NA;NA;NA;NA;2.17;2.16;86;65;14.33333333;13;0;58.2;NA;0;0.666666667;3;D = 1.33;0;0;0;NA;NA;NA;NA;NA;NA;NA;NA;NA;NA;NA;NA;NA;2;75;1;0.666666667;3;0;2;1;1;0
278;V47;2;F;SG;Small;2;3;1245;0;0;1246;0;97;1247;0;85;NA;NA;NA;NA;NA;NA;NA;NA;NA;NA;0;0;11;5;3;NA;NA;NA;NA;NA;NA;2.1;NA;85;46;28.33333333;23;0;91;NA;0;NA;5;D = 0.67;0;0;0;NA;NA;NA;NA;NA;NA;NA;NA;NA;NA;NA;NA;NA;0;NA;5;NA;5;0;0;NA;NA;NA
279;V47;2;M;SG;Small;2;3;1248;0;0;1249;0;0;1250;0;80;NA;NA;NA;NA;NA;NA;NA;NA;NA;60;2;2;23.75;4;3;1;1;0;0;0;0;2.1;NA;47;53;15.66666667;26.5;0;40;0;NA;0.333333333;6;D = 0.67;0;0;0;2;60;4;0.333333333;6;0;2;1;0;NA;NA;NA;0;NA;NA;NA;NA;NA;NA;NA;NA;1;NA
280;V47;2;M;LG;Small;5;6;1251;64;54;1252;14;76;1253;0;75;1254;0;0;1255;0;77;1256;0;0;51;2;2;16;3;3;1;1;0;0;0;0;2.05;NA;115;139;19.16666667;27.8;78;56.4;58.03571429;NA;0.4;5;D = 1.33;2;130;130;2;51;3;0.4;5;78;2;1;1;0.375;0.375;104;104;NA;NA;NA;NA;NA;NA;NA;NA;1;NA
281;V47;2;M;SG;Small;2;3;1257;0;0;1258;0;0;1259;48;23;NA;NA;NA;NA;NA;NA;NA;NA;NA;89;1;1;14.8;5;2;0;0;1;0;0;0;2.13;NA;70;41;23.33333333;20.5;48;11.5;80.67226891;NA;0.166666667;6;D = 0.67;1;23;23;1;89;5;0.166666667;6;48;1;1;1;0.676056338;0.676056338;71;71;NA;NA;NA;NA;NA;NA;NA;NA;1;NA
282;V47;2;F;LG;Small;5;6;1260;103;0;1261;0;96;1262;0;92;1263;0;117;1264;0;87;1265;0;0;65;2;2;21.25;4;3;NA;NA;NA;NA;NA;NA;2.35;2.32;103;66;17.16666667;13.2;103;78.4;NA;56.78059537;0.333333333;6;D = 1.33;1;0;0;NA;NA;NA;NA;NA;NA;NA;NA;NA;NA;NA;NA;NA;2;65;4;0.333333333;6;103;2;1;1;51.5
