Well_ID;Rec_ID;Week;Date;St_Time;Sex;Gr_size;Area;N_comp;N_females;F1_ID;N_MTP1_1;N_RD_1;F2_ID;N_MTP1_2;N_RD_2;F3_ID;N_MTP1_3;N_RD_3;F4_ID;N_MTP1_4;N_RD_4;F5_ID;N_MTP1_5;N_RD_5;F6_ID;N_MTP1_6;N_RD_6;MatingDuration_av;Matings_number;MatingPartners_number;AttemptDuration_av;Attempts_number;AttemptPartners_number;excluded;Incu3;Cop_Fe_1;Cop_Fe_2;Cop_Fe_3;Cop_Fe_4;Cop_Fe_5;Cop_Fe_6
1;V01;1;06.09.2021;09:40;F;SG;Small;2;3;1;88;0;2;0;76;3;0;70;NA;NA;NA;NA;NA;NA;NA;NA;NA;NA;NA;NA;NA;NA;NA;1;0;NA;NA;NA;NA;NA;NA
2;V01;1;06.09.2021;09:40;M;LG;Small;5;6;4;75;18;5;0;0;6;0;0;NA;NA;NA;NA;NA;NA;NA;NA;NA;NA;NA;NA;NA;NA;NA;1;0;NA;NA;NA;NA;NA;NA
3;V01;1;06.09.2021;09:40;F;SG;Small;2;3;10;0;0;11;0;70;12;0;22;NA;NA;NA;NA;NA;NA;NA;NA;NA;NA;NA;NA;NA;NA;NA;1;0;NA;NA;NA;NA;NA;NA
4;V01;1;06.09.2021;09:40;F;LG;Small;5;6;13;83;0;14;0;109;15;0;55;16;0;31;17;0;67;18;0;120;NA;NA;NA;NA;NA;NA;1;0;NA;NA;NA;NA;NA;NA
5;V01;1;06.09.2021;09:40;M;SG;Small;2;3;19;13;27;20;117;0;21;48;22;NA;NA;NA;NA;NA;NA;NA;NA;NA;NA;NA;NA;NA;NA;NA;1;0;NA;NA;NA;NA;NA;NA
6;V01;1;06.09.2021;09:40;M;LG;Small;5;6;22;0;79;23;76;34;24;0;0;25;90;25;26;0;36;27;0;0;NA;NA;NA;NA;NA;NA;1;0;NA;NA;NA;NA;NA;NA
7;V02;1;06.09.2021;11:00;F;SG;Large;2;3;28;0;0;29;0;101;30;0;0;NA;NA;NA;NA;NA;NA;NA;NA;NA;0;0;0;0;0;0;0;0;NA;NA;NA;NA;NA;NA
8;V02;1;06.09.2021;11:00;M;LG;Large;5;6;31;0;0;32;53;29;33;0;70;34;0;0;35;0;0;36;0;0;68;2;2;17.25;4;3;0;0;1;1;0;0;0;0
9;V02;1;06.09.2021;11:00;F;LG;Large;5;6;37;71;0;38;0;87;39;0;95;40;0;80;41;0;93;42;0;112;91.3;3;2;8.5;2;2;0;0;NA;NA;NA;NA;NA;NA
10;V02;1;06.09.2021;11:00;M;LG;Large;5;6;43;0;112;44;45;32;45;11;82;46;0;0;47;0;0;48;0;80;187.5;2;2;10.71;7;4;0;0;1;0;1;0;0;0
11;V02;1;06.09.2021;11:00;F;SG;Large;2;3;49;129;0;50;0;106;51;0;89;NA;NA;NA;NA;NA;NA;NA;NA;NA;58;1;1;18.83;6;2;0;0;NA;NA;NA;NA;NA;NA
12;V02;1;06.09.2021;11:00;M;SG;Large;2;3;52;0;0;53;2;0;54;0;42;NA;NA;NA;NA;NA;NA;NA;NA;NA;36;1;1;23.5;4;2;0;0;1;0;0;0;0;0
13;V03;1;06.09.2021;12:00;F;LG;Small;5;6;55;95;0;56;0;96;57;0;0;58;0;117;59;0;82;60;0;75;76;3;3;14.5;2;1;0;0;NA;NA;NA;NA;NA;NA
14;V03;1;06.09.2021;12:00;F;LG;Small;5;6;61;91;0;62;0;95;63;0;54;64;0;76;65;0;48;66;0;67;0;0;0;15.5;2;2;0;0;NA;NA;NA;NA;NA;NA
15;V03;1;06.09.2021;12:00;F;SG;Small;2;3;67;109;0;68;0;85;69;0;29;NA;NA;NA;NA;NA;NA;NA;NA;NA;36;1;1;15.5;2;2;0;0;NA;NA;NA;NA;NA;NA
16;V03;1;06.09.2021;12:00;M;SG;Small;2;3;70;0;0;71;44;50;72;52;16;NA;NA;NA;NA;NA;NA;NA;NA;NA;79;5;2;20;10;2;0;0;0;4;1;0;0;0
17;V03;1;06.09.2021;12:00;M;SG;Small;2;3;73;72;63;74;122;9;75;113;0;NA;NA;NA;NA;NA;NA;NA;NA;NA;66;3;3;13.3;9;2;0;0;1;1;1;0;0;0
18;V03;1;06.09.2021;12:00;M;LG;Small;5;6;76;0;0;77;0;0;78;0;70;79;0;0;80;0;40;81;89;0;53.67;3;3;15.5;2;1;0;0;0;0;1;0;1;1
19;V04;1;06.09.2021;13:04;F;SG;Large;2;3;82;109;0;83;0;87;84;0;75;NA;NA;NA;NA;NA;NA;NA;NA;NA;66.3;6;3;14.75;8;3;0;0;NA;NA;NA;NA;NA;NA
20;V04;1;06.09.2021;13:04;F;LG;Large;5;6;85;105;0;86;0;0;87;0;10;88;0;0;89;0;84;90;0;65;66.5;2;2;15.75;4;4;0;0;NA;NA;NA;NA;NA;NA
21;V04;1;06.09.2021;13:04;M;LG;Large;5;6;91;0;80;92;0;91;93;0;102;94;0;86;95;0;0;96;0;91;0;0;0;16.25;4;3;0;0;0;0;0;0;0;0
22;V04;1;06.09.2021;13:04;M;SG;Large;2;3;97;0;0;98;0;0;99;0;0;NA;NA;NA;NA;NA;NA;NA;NA;NA;0;0;0;12.75;4;2;0;0;0;0;0;0;0;0
23;V04;1;06.09.2021;13:04;F;SG;Large;2;3;100;137;0;101;0;96;102;0;39;NA;NA;NA;NA;NA;NA;NA;NA;NA;85;3;2;6;1;1;0;0;NA;NA;NA;NA;NA;NA
24;V04;1;06.09.2021;13:04;M;LG;Large;5;6;103;72;0;104;0;24;105;0;0;106;0;91;107;0;142;108;0;0;37;1;1;10.6;5;4;0;0;1;0;0;0;0;0
25;V05;1;06.09.2021;14:07;F;LG;Small;5;6;109;0;0;110;0;0;111;0;0;112;0;80;113;0;50;114;0;81;0;0;0;14.75;4;3;0;0;NA;NA;NA;NA;NA;NA
26;V05;1;06.09.2021;14:07;F;LG;Small;5;6;115;0;0;116;0;85;117;0;89;118;0;66;119;0;100;120;0;77;71;2;2;26.25;8;4;0;0;NA;NA;NA;NA;NA;NA
27;V05;1;06.09.2021;14:07;M;SG;Small;2;3;121;0;97;122;0;77;123;0;85;NA;NA;NA;NA;NA;NA;NA;NA;NA;0;0;0;12;1;1;0;0;0;0;0;0;0;0
28;V05;1;06.09.2021;14:07;M;SG;Small;2;3;124;0;0;125;0;0;126;0;69;NA;NA;NA;NA;NA;NA;NA;NA;NA;49;2;1;10.25;4;3;0;0;0;2;0;0;0;0
29;V05;1;06.09.2021;14:07;F;LG;Small;5;6;127;0;0;128;0;0;129;0;0;130;0;0;131;0;0;132;0;36;40;1;1;15.5;2;1;0;0;NA;NA;NA;NA;NA;NA
30;V05;1;06.09.2021;14:07;M;SG;Small;2;3;133;0;0;134;0;83;135;0;80;NA;NA;NA;NA;NA;NA;NA;NA;NA;41;1;1;13.81;16;3;0;0;1;0;0;0;0;0
31;V06;1;06.09.2021;15:14;F;LG;Large;5;6;136;0;0;137;0;81;138;0;71;139;0;0;140;0;43;141;0;90;115.5;2;2;17.5;2;2;0;0;NA;NA;NA;NA;NA;NA
32;V06;1;06.09.2021;15:14;M;SG;Large;2;3;142;38;44;143;0;56;144;18;42;NA;NA;NA;NA;NA;NA;NA;NA;NA;89.67;3;3;21.89;9;3;0;0;1;1;1;0;0;0
33;V06;1;06.09.2021;15:14;M;SG;Large;2;3;145;0;0;146;0;0;147;0;0;NA;NA;NA;NA;NA;NA;NA;NA;NA;57;1;1;11;3;3;0;0;0;0;1;0;0;0
34;V06;1;06.09.2021;15:14;F;LG;Large;5;6;148;0;0;149;0;95;150;0;103;151;0;60;152;0;0;153;0;0;45;1;1;0;0;0;0;0;NA;NA;NA;NA;NA;NA
35;V06;1;06.09.2021;15:14;F;SG;Large;2;3;154;0;0;155;0;0;156;0;99;NA;NA;NA;NA;NA;NA;NA;NA;NA;56.5;2;2;17.63;8;3;0;0;NA;NA;NA;NA;NA;NA
36;V06;1;06.09.2021;15:14;M;LG;Large;5;6;157;0;0;158;0;0;159;0;0;160;0;68;161;0;0;162;100;0;80.33;3;3;14.33;3;3;0;0;0;1;0;1;0;1
37;V07;1;07.09.2021;12:09;M;SG;Small;2;3;163;57;71;164;74;39;165;0;0;NA;NA;NA;NA;NA;NA;NA;NA;NA;56.67;3;2;17.16;6;2;0;0;2;1;0;0;0;0
38;V07;1;07.09.2021;12:09;F;SG;Small;2;3;166;118;0;167;0;71;168;0;95;NA;NA;NA;NA;NA;NA;NA;NA;NA;45;2;2;15.5;2;1;0;0;NA;NA;NA;NA;NA;NA
39;V07;1;07.09.2021;12:09;F;LG;Small;5;6;169;108;0;170;0;83;171;0;0;172;0;91;173;0;129;174;0;143;83.5;2;2;13.88;8;2;0;0;NA;NA;NA;NA;NA;NA
40;V07;1;07.09.2021;12:09;F;LG;Small;5;6;175;98;0;176;0;80;177;0;93;178;0;0;179;0;95;180;0;88;89;3;3;8;1;1;0;0;NA;NA;NA;NA;NA;NA
41;V07;1;07.09.2021;12:09;M;LG;Small;5;6;181;0;70;182;7;63;183;0;98;184;0;62;185;9;71;186;0;68;73.5;2;2;8.4;5;4;0;0;0;1;0;0;1;0
42;V07;1;07.09.2021;12:09;M;SG;Small;2;3;187;81;0;188;57;42;189;0;79;NA;NA;NA;NA;NA;NA;NA;NA;NA;110;5;2;13.23;27;3;0;0;4;1;0;0;0;0
43;V08;1;07.09.2021;13:10;M;LG;Large;5;6;190;0;71;191;0;133;192;0;0;193;0;0;194;0;65;195;93;0;69.5;2;2;10.6;5;4;0;0;1;0;0;0;0;1
44;V08;1;07.09.2021;13:10;M;SG;Large;2;3;196;0;106;197;31;74;198;74;0;NA;NA;NA;NA;NA;NA;NA;NA;NA;81.2;5;3;23.56;4;2;0;0;1;1;3;0;0;0
45;V08;1;07.09.2021;13:10;M;LG;Large;5;6;199;0;0;200;0;80;201;0;102;202;102;0;203;32;51;204;0;0;148.5;2;2;16.81;11;5;0;0;0;0;0;1;1;0
46;V08;1;07.09.2021;13:10;F;LG;Large;5;6;205;0;0;206;0;114;207;0;101;208;0;89;209;0;73;210;0;89;0;0;0;17.25;4;3;0;0;NA;NA;NA;NA;NA;NA
47;V08;1;07.09.2021;13:10;F;SG;Large;2;3;211;0;0;212;0;76;213;0;102;NA;NA;NA;NA;NA;NA;NA;NA;NA;50.67;3;2;21.5;6;2;0;0;NA;NA;NA;NA;NA;NA
48;V08;1;07.09.2021;13:10;F;SG;Large;2;3;214;2;0;215;0;62;216;0;56;NA;NA;NA;NA;NA;NA;NA;NA;NA;97;4;2;15.75;8;3;0;0;NA;NA;NA;NA;NA;NA
49;V09;1;07.09.2021;14:10;M;LG;Small;5;6;217;0;0;218;0;0;219;0;0;220;0;83;221;0;45;222;0;91;0;0;0;15.88;8;4;0;0;0;0;0;0;0;0
50;V09;1;07.09.2021;14:10;F;SG;Small;2;3;223;67;0;224;0;101;225;0;34;NA;NA;NA;NA;NA;NA;NA;NA;NA;87.75;4;2;17;1;1;0;0;NA;NA;NA;NA;NA;NA
51;V09;1;07.09.2021;14:10;F;SG;Small;2;3;226;114;0;227;0;101;228;0;42;NA;NA;NA;NA;NA;NA;NA;NA;NA;62.5;2;2;13.5;4;2;0;0;NA;NA;NA;NA;NA;NA
52;V09;1;07.09.2021;14:10;M;LG;Small;5;6;229;54;0;230;0;0;231;0;0;232;77;0;233;0;101;234;0;0;63.83;6;2;13.23;13;6;0;0;4;0;0;2;0;0
53;V09;1;07.09.2021;14:10;F;SG;Small;2;3;235;0;0;236;0;101;237;0;77;NA;NA;NA;NA;NA;NA;NA;NA;NA;100.25;4;1;18.5;12;3;0;0;NA;NA;NA;NA;NA;NA
54;V09;1;07.09.2021;14:10;M;LG;Small;5;6;238;0;93;239;0;104;240;0;0;241;0;0;242;0;136;243;0;74;42;2;2;20;2;1;0;0;1;1;0;0;0;0
55;V10;1;07.09.2021;15:10;F;SG;Large;2;3;245;85;0;246;0;81;247;0;47;NA;NA;NA;NA;NA;NA;NA;NA;NA;60;2;2;19.4;5;2;0;0;NA;NA;NA;NA;NA;NA
56;V10;1;07.09.2021;15:10;M;LG;Large;5;6;248;52;33;249;0;78;250;0;0;251;0;0;252;0;0;253;0;76;54.5;2;2;26.33;3;2;0;0;1;1;0;0;0;0
57;V10;1;07.09.2021;15:10;F;SG;Large;2;3;254;60;0;255;0;0;256;0;61;NA;NA;NA;NA;NA;NA;NA;NA;NA;75.75;8;3;13.11;9;3;0;0;NA;NA;NA;NA;NA;NA
58;V10;1;07.09.2021;15:10;M;LG;Large;5;6;257;0;0;258;21;81;259;0;93;260;0;0;261;0;0;262;0;0;77;3;1;17.75;8;4;0;0;0;3;0;0;0;0
59;V10;1;07.09.2021;15:10;M;LG;Large;5;6;263;0;0;264;0;0;265;25;82;266;0;0;267;0;0;268;0;0;52;2;2;20.6;5;3;0;0;0;1;1;0;0;0
60;V10;1;07.09.2021;15:10;F;SG;Large;2;3;269;136;0;270;0;0;271;0;85;NA;NA;NA;NA;NA;NA;NA;NA;NA;74.8;5;3;12.53;15;3;0;0;NA;NA;NA;NA;NA;NA
61;V11;1;07.09.2021;16:20;F;SG;Small;2;3;272;0;0;273;0;67;274;0;0;NA;NA;NA;NA;NA;NA;NA;NA;NA;63.67;3;2;18.75;4;2;0;0;NA;NA;NA;NA;NA;NA
62;V11;1;07.09.2021;16:20;M;LG;Small;5;6;275;0;96;276;29;39;277;0;0;278;0;0;279;131;0;280;0;0;106;1;1;28.33;3;3;0;0;0;0;0;0;1;0
63;V11;1;07.09.2021;16:20;F;SG;Small;2;3;281;0;0;282;0;88;283;0;101;NA;NA;NA;NA;NA;NA;NA;NA;NA;115;2;1;16.67;6;3;0;0;NA;NA;NA;NA;NA;NA
64;V11;1;07.09.2021;16:20;M;LG;Small;5;6;284;0;72;285;0;0;286;0;85;287;0;0;288;0;0;289;0;0;61;1;1;13.81;11;4;0;0;0;1;0;0;0;0
65;V11;1;07.09.2021;16:20;M;LG;Small;5;6;290;0;109;291;0;66;292;0;0;293;0;0;294;0;71;295;0;0;92;1;1;20.33;3;2;0;0;0;0;0;0;1;0
66;V11;1;07.09.2021;16:20;F;SG;Small;2;3;296;0;0;297;0;115;298;0;74;NA;NA;NA;NA;NA;NA;NA;NA;NA;0;0;0;14;5;2;0;0;NA;NA;NA;NA;NA;NA
67;V12;1;07.09.2021;17:24;M;LG;Large;5;6;299;0;46;300;0;0;301;0;60;302;0;0;303;86;0;304;0;0;132;1;1;22.67;3;3;0;0;0;0;0;0;1;0
68;V12;1;07.09.2021;17:24;F;SG;Large;2;3;305;0;0;306;0;0;307;0;80;NA;NA;NA;NA;NA;NA;NA;NA;NA;52.5;2;1;12.13;8;3;0;0;NA;NA;NA;NA;NA;NA
69;V12;1;07.09.2021;17:24;M;SG;Large;2;3;308;0;0;309;0;104;310;75;0;NA;NA;NA;NA;NA;NA;NA;NA;NA;59;1;1;13.67;3;2;0;0;0;0;1;0;0;0
70;V12;1;07.09.2021;17:24;F;LG;Large;5;6;311;0;0;312;0;0;313;0;0;314;0;84;315;0;0;316;0;95;68.5;2;1;14.5;4;2;0;0;NA;NA;NA;NA;NA;NA
71;V12;1;07.09.2021;17:24;M;LG;Large;5;6;317;0;0;318;0;108;319;13;47;320;0;0;321;3;0;322;0;54;73;2;2;7;1;1;0;0;0;0;1;0;1;0
72;V12;1;07.09.2021;17:24;F;SG;Large;2;3;323;98;0;324;0;75;325;0;50;NA;NA;NA;NA;NA;NA;NA;NA;NA;64.67;6;3;27.5;2;2;0;0;NA;NA;NA;NA;NA;NA
73;V13;1;07.09.2021;18:20;M;SG;Small;2;3;326;0;131;327;0;0;328;0;0;NA;NA;NA;NA;NA;NA;NA;NA;NA;65;1;1;18.13;8;3;0;0;1;0;0;0;0;0
74;V13;1;07.09.2021;18:20;M;SG;Small;2;3;329;107;0;330;0;0;331;0;0;NA;NA;NA;NA;NA;NA;NA;NA;NA;121.75;4;1;10.17;12;3;0;0;4;0;0;0;0;0
75;V13;1;07.09.2021;18:20;M;LG;Small;5;6;332;0;89;333;0;0;334;0;0;335;0;0;336;0;57;337;0;134;0;0;0;20.5;2;2;0;0;0;0;0;0;0;0
76;V13;1;07.09.2021;18:20;F;SG;Small;2;3;338;0;0;339;0;78;340;0;0;NA;NA;NA;NA;NA;NA;NA;NA;NA;0;0;0;12.25;4;2;0;0;NA;NA;NA;NA;NA;NA
77;V13;1;07.09.2021;18:20;F;LG;Small;5;6;341;0;0;342;0;100;343;0;56;344;0;78;345;0;69;346;0;59;0;0;0;11.38;8;4;0;0;NA;NA;NA;NA;NA;NA
78;V13;1;07.09.2021;18:20;F;LG;Small;5;6;347;0;0;348;0;68;349;0;44;350;0;97;351;0;90;352;0;0;0;0;0;16.71;7;4;0;0;NA;NA;NA;NA;NA;NA
79;V14;1;08.09.2021;09:10;M;LG;Large;5;6;353;0;0;354;5;68;355;0;0;356;0;0;357;0;22;358;12;40;65.25;4;4;13;4;3;0;0;0;1;0;1;1;0
80;V14;1;08.09.2021;09:10;M;SG;Large;2;3;359;0;0;360;56;0;361;0;0;NA;NA;NA;NA;NA;NA;NA;NA;NA;175;6;2;12.5;10;3;0;0;0;5;1;0;0;0
81;V14;1;08.09.2021;09:10;M;SG;Large;2;3;362;0;0;363;112;0;364;0;0;NA;NA;NA;NA;NA;NA;NA;NA;NA;53.44;9;3;17.53;17;3;0;0;1;3;5;0;0;0
82;V14;1;08.09.2021;09:10;F;SG;Large;2;3;365;84;0;366;0;85;367;0;63;NA;NA;NA;NA;NA;NA;NA;NA;NA;94.67;6;3;14.19;16;2;0;0;NA;NA;NA;NA;NA;NA
83;V14;1;08.09.2021;09:10;F;LG;Large;5;6;368;0;0;369;0;87;370;0;99;371;0;66;372;0;46;373;0;96;49;1;1;13.33;3;3;0;0;NA;NA;NA;NA;NA;NA
84;V14;1;08.09.2021;09:10;F;LG;Large;5;6;374;84;0;375;0;106;376;0;77;377;0;60;378;0;0;379;0;88;59.33;6;4;18;5;4;0;0;NA;NA;NA;NA;NA;NA
85;V15;1;08.09.2021;10:10;F;LG;Small;5;6;380;90;0;381;0;99;382;0;51;383;0;81;384;0;64;385;0;60;45.33;3;2;13;1;1;0;0;NA;NA;NA;NA;NA;NA
86;V15;1;08.09.2021;10:10;M;LG;Small;5;6;386;0;113;387;0;8;388;0;0;389;0;0;390;0;29;391;0;59;0;0;0;14.43;7;3;0;0;0;0;0;0;0;0
87;V15;1;08.09.2021;10:10;M;SG;Small;2;3;392;0;0;393;51;21;394;0;86;NA;NA;NA;NA;NA;NA;NA;NA;NA;69;3;2;12.33;3;2;0;0;2;1;0;0;0;0
88;V15;1;08.09.2021;10:10;F;SG;Small;2;3;395;NA;NA;396;NA;NA;397;NA;NA;NA;NA;NA;NA;NA;NA;NA;NA;NA;NA;NA;NA;NA;NA;NA;1;0;NA;NA;NA;NA;NA;NA
89;V15;1;08.09.2021;10:10;F;LG;Small;5;6;398;NA;NA;399;NA;NA;400;NA;NA;401;NA;NA;402;NA;NA;403;NA;NA;NA;NA;NA;NA;NA;NA;1;0;NA;NA;NA;NA;NA;NA
90;V15;1;08.09.2021;10:10;M;SG;Small;2;3;404;0;41;405;0;0;406;0;36;NA;NA;NA;NA;NA;NA;NA;NA;NA;90.33;3;2;18.06;18;3;0;0;1;2;0;0;0;0
91;V16;1;08.09.2021;11:10;M;LG;Large;5;6;407;8;87;408;0;80;409;0;0;410;0;0;411;0;0;412;0;0;49;1;1;15.75;4;3;0;0;1;0;0;0;0;0
92;V16;1;08.09.2021;11:10;M;SG;Large;2;3;413;27;72;414;0;0;415;34;36;NA;NA;NA;NA;NA;NA;NA;NA;NA;62.17;6;2;6;2;2;0;0;1;0;5;0;0;0
93;V16;1;08.09.2021;11:10;F;SG;Large;2;3;416;0;0;417;0;67;418;0;0;NA;NA;NA;NA;NA;NA;NA;NA;NA;0;0;0;13.33;3;3;0;0;NA;NA;NA;NA;NA;NA
94;V16;1;08.09.2021;11:10;F;LG;Large;5;6;419;0;0;420;0;52;421;0;84;422;0;100;423;0;83;424;0;74;65;1;1;17.6;10;5;0;0;NA;NA;NA;NA;NA;NA
95;V16;1;08.09.2021;11:10;F;SG;Large;2;3;425;121;0;426;0;0;427;0;104;NA;NA;NA;NA;NA;NA;NA;NA;NA;75.5;2;2;21;6;3;0;0;NA;NA;NA;NA;NA;NA
96;V16;1;08.09.2021;11:10;M;LG;Large;5;6;428;0;104;429;81;0;430;0;0;431;0;0;432;0;57;433;0;0;167.5;2;2;19;3;3;0;0;0;1;0;0;0;1
97;V17;1;08.09.2021;13:37;F;SG;Small;2;3;434;68;0;435;0;113;436;0;0;NA;NA;NA;NA;NA;NA;NA;NA;NA;170;1;1;13.13;16;2;0;0;NA;NA;NA;NA;NA;NA
98;V17;1;08.09.2021;13:37;F;LG;Small;5;6;437;123;0;438;0;93;439;0;39;440;0;78;441;0;0;442;0;79;66.33;3;3;10.67;3;2;0;0;NA;NA;NA;NA;NA;NA
99;V17;1;08.09.2021;13:37;M;SG;Small;2;3;443;0;0;444;0;57;445;128;0;NA;NA;NA;NA;NA;NA;NA;NA;NA;57.5;2;1;8.5;6;3;0;0;0;0;2;0;0;0
100;V17;1;08.09.2021;13:37;M;LG;Small;5;6;446;9;11;447;0;2;448;67;68;449;0;117;450;0;91;451;0;0;65;2;2;19.5;2;2;0;0;1;0;1;0;0;0
101;V17;1;08.09.2021;13:37;M;LG;Small;5;6;452;0;0;453;0;0;454;0;0;455;0;1;456;60;12;457;0;1;38.5;2;1;16.86;7;3;0;0;0;0;0;0;2;0
102;V17;1;08.09.2021;13:37;F;SG;Small;2;3;458;75;0;459;0;106;460;0;79;NA;NA;NA;NA;NA;NA;NA;NA;NA;83;1;1;18.46;11;3;0;0;NA;NA;NA;NA;NA;NA
103;V18;1;08.09.2021;14:38;F;SG;Large;2;3;461;0;0;462;0;49;463;0;88;NA;NA;NA;NA;NA;NA;NA;NA;NA;44;1;1;21.85;13;2;0;0;NA;NA;NA;NA;NA;NA
104;V18;1;08.09.2021;14:38;M;LG;Large;5;6;464;0;65;465;0;0;466;0;0;467;0;0;468;36;0;469;0;0;62.67;3;1;16.67;9;6;0;0;0;0;0;0;3;0
105;V18;1;08.09.2021;14:38;M;LG;Large;5;6;470;0;0;471;0;1;472;0;65;473;0;13;474;0;0;475;0;0;0;0;0;12;15;6;0;0;0;0;0;0;0;0
106;V18;1;08.09.2021;14:38;M;LG;Large;5;6;476;87;0;477;0;106;478;0;60;479;0;0;480;0;85;481;0;88;44;1;1;17.17;6;4;0;0;1;0;0;0;0;0
107;V18;1;08.09.2021;14:38;F;SG;Large;2;3;482;122;0;483;0;1;484;0;0;NA;NA;NA;NA;NA;NA;NA;NA;NA;49.5;4;3;22.25;4;3;0;0;NA;NA;NA;NA;NA;NA
108;V18;1;08.09.2021;14:38;F;SG;Large;2;3;485;99;0;486;0;84;487;0;103;NA;NA;NA;NA;NA;NA;NA;NA;NA;338;3;2;0;0;0;0;0;NA;NA;NA;NA;NA;NA
109;V19;1;08.09.2021;15:40;M;SG;Small;2;3;488;105;0;489;0;0;490;0;61;NA;NA;NA;NA;NA;NA;NA;NA;NA;105;1;1;17.85;13;3;0;0;1;0;0;0;0;0
110;V19;1;08.09.2021;15:40;F;SG;Small;2;3;491;0;0;492;0;89;493;0;0;NA;NA;NA;NA;NA;NA;NA;NA;NA;90.5;2;2;15.56;9;3;0;0;NA;NA;NA;NA;NA;NA
111;V19;1;08.09.2021;15:40;M;SG;Small;2;3;494;0;0;495;0;0;496;0;43;NA;NA;NA;NA;NA;NA;NA;NA;NA;62;2;1;15.06;16;3;0;0;0;2;0;0;0;0
112;V19;1;08.09.2021;15:40;M;LG;Small;5;6;497;0;53;498;0;0;499;0;0;500;0;0;501;1;98;502;0;0;39;1;1;18.33;6;6;0;0;0;0;0;1;0;0
113;V19;1;08.09.2021;15:40;F;LG;Small;5;6;503;106;0;504;0;0;505;0;0;506;0;76;507;0;79;508;0;48;80;3;3;9.67;3;3;0;0;NA;NA;NA;NA;NA;NA
114;V19;1;08.09.2021;15:40;F;LG;Small;5;6;509;0;0;510;0;82;511;0;81;512;0;5;513;0;109;514;0;15;0;0;0;10;6;3;0;0;NA;NA;NA;NA;NA;NA
115;V20;1;08.09.2021;16:42;F;SG;Large;2;3;515;118;0;516;0;0;517;0;0;NA;NA;NA;NA;NA;NA;NA;NA;NA;78.17;6;3;25.5;2;1;0;0;NA;NA;NA;NA;NA;NA
116;V20;1;08.09.2021;16:42;M;SG;Large;2;3;518;0;94;519;0;0;520;0;0;NA;NA;NA;NA;NA;NA;NA;NA;NA;0;0;0;10.75;20;3;0;0;0;0;0;0;0;0
117;V20;1;08.09.2021;16:42;F;LG;Large;5;6;521;0;0;522;0;82;523;0;1;524;0;83;525;0;22;526;0;68;0;0;0;14.2;5;2;0;0;NA;NA;NA;NA;NA;NA
118;V20;1;08.09.2021;16:42;F;LG;Large;5;6;527;101;0;528;0;0;529;0;0;530;0;68;531;0;0;532;0;0;80.2;5;5;15.44;9;3;0;0;NA;NA;NA;NA;NA;NA
119;V20;1;08.09.2021;16:42;M;LG;Large;5;6;533;0;1;534;0;0;535;0;0;NA;NA;NA;NA;NA;NA;NA;NA;NA;47.17;6;2;15;6;2;0;0;4;0;2;0;0;0
120;V20;1;08.09.2021;16:42;M;SG;Large;2;3;536;0;0;537;61;20;538;0;0;NA;NA;NA;NA;NA;NA;NA;NA;NA;49.5;2;1;12.25;4;2;0;0;0;2;0;0;0;0
121;V21;1;09.09.2021;09:23;F;SG;Small;2;3;539;98;0;540;0;43;541;0;81;NA;NA;NA;NA;NA;NA;NA;NA;NA;50.57;7;2;15;6;3;0;0;NA;NA;NA;NA;NA;NA
122;V21;1;09.09.2021;09:23;F;LG;Small;5;6;542;112;0;543;0;89;544;0;99;545;0;88;546;0;100;547;0;96;46.67;3;2;19.75;4;3;0;0;NA;NA;NA;NA;NA;NA
123;V21;1;09.09.2021;09:23;M;LG;Small;5;6;548;NA;NA;549;NA;NA;550;NA;NA;551;NA;NA;552;NA;NA;553;NA;NA;NA;NA;NA;NA;NA;NA;1;0;2;3;1;0;0;0
124;V21;1;09.09.2021;09:23;F;LG;Small;5;6;554;87;0;555;0;0;556;0;77;557;0;61;558;0;27;559;0;76;111;2;1;15.29;7;4;0;0;NA;NA;NA;NA;NA;NA
125;V21;1;09.09.2021;09:23;M;SG;Small;2;3;560;110;0;561;0;66;562;82;0;NA;NA;NA;NA;NA;NA;NA;NA;NA;61.83;6;3;0;0;0;0;0;0;2;1;0;0;0
126;V21;1;09.09.2021;09:23;M;SG;Small;2;3;563;0;54;564;14;34;565;86;0;NA;NA;NA;NA;NA;NA;NA;NA;NA;113.67;3;2;15.4;5;3;0;0;0;0;2;1;0;0
127;V22;1;09.09.2021;10:27;F;SG;Large;2;3;566;0;0;567;0;104;568;0;70;NA;NA;NA;NA;NA;NA;NA;NA;NA;96;1;1;26.5;2;2;0;0;NA;NA;NA;NA;NA;NA
128;V22;1;09.09.2021;10:27;F;LG;Large;5;6;569;62;0;570;0;93;571;0;0;572;0;84;573;0;90;574;0;92;62;1;1;25.67;3;2;0;0;NA;NA;NA;NA;NA;NA
129;V22;1;09.09.2021;10:27;M;LG;Large;5;6;575;0;1;576;0;72;577;45;63;578;23;32;579;0;0;580;0;99;54.33;3;2;8;3;2;0;0;0;1;1;0;0;0
130;V22;1;09.09.2021;10:27;M;SG;Large;2;3;581;0;68;582;87;0;583;36;73;NA;NA;NA;NA;NA;NA;NA;NA;NA;89;2;2;14.35;17;3;0;0;2;4;4;0;0;0
131;V22;1;09.09.2021;10:27;F;LG;Large;5;6;584;92;0;585;0;68;586;0;33;587;0;74;588;0;104;589;0;0;48;2;2;14.5;4;4;0;0;NA;NA;NA;NA;NA;NA
132;V22;1;09.09.2021;10:27;M;SG;Large;2;3;590;87;0;591;0;0;592;0;0;NA;NA;NA;NA;NA;NA;NA;NA;NA;132.2;10;3;29;1;1;0;0;NA;NA;NA;NA;NA;NA
133;V23;1;09.09.2021;11:25;F;LG;Small;5;6;593;0;0;594;0;98;595;0;115;596;0;47;597;0;0;598;0;73;0;0;0;9.5;6;3;0;0;NA;NA;NA;NA;NA;NA
134;V23;1;09.09.2021;11:25;F;SG;Small;2;3;599;86;0;600;0;69;601;0;62;NA;NA;NA;NA;NA;NA;NA;NA;NA;71.33;3;2;14.89;9;3;0;0;NA;NA;NA;NA;NA;NA
135;V23;1;09.09.2021;11:25;M;LG;Small;5;6;602;0;37;603;0;72;604;1;0;605;0;58;606;0;0;607;0;0;9.33;3;1;15.2;5;3;0;0;0;3;0;0;0;0
136;V23;1;09.09.2021;11:25;M;SG;Small;2;3;608;0;2;609;0;2;610;59;12;NA;NA;NA;NA;NA;NA;NA;NA;NA;73;2;1;20;3;1;0;0;0;0;2;0;0;0
137;V23;1;09.09.2021;11:25;F;SG;Small;2;3;611;0;0;612;0;68;613;0;83;NA;NA;NA;NA;NA;NA;NA;NA;NA;43;1;1;18.63;11;3;0;0;NA;NA;NA;NA;NA;NA
138;V23;1;09.09.2021;11:25;M;LG;Small;5;6;614;0;0;615;0;70;616;0;0;617;0;1;618;0;1;619;0;48;84.33;3;2;14.75;4;2;0;0;0;2;0;0;1;0
139;V24;1;09.09.2021;12:22;F;LG;Large;5;6;620;0;0;621;0;49;622;0;89;623;0;84;624;0;81;625;0;56;0;0;0;17.5;2;1;0;0;NA;NA;NA;NA;NA;NA
140;V24;1;09.09.2021;12:22;F;SG;Large;2;3;626;130;0;627;0;88;628;0;88;NA;NA;NA;NA;NA;NA;NA;NA;NA;193.5;2;2;20.75;8;2;0;0;NA;NA;NA;NA;NA;NA
141;V24;1;09.09.2021;12:22;F;SG;Large;2;3;629;62;0;630;0;88;631;0;45;NA;NA;NA;NA;NA;NA;NA;NA;NA;117.33;3;2;13.5;2;1;0;0;NA;NA;NA;NA;NA;NA
142;V24;1;09.09.2021;12:22;M;LG;Large;5;6;632;0;0;633;0;52;634;0;0;635;0;75;636;0;84;637;0;55;0;0;0;15;3;3;0;0;0;0;0;0;0;0
143;V24;1;09.09.2021;12:22;M;LG;Large;5;6;638;0;0;639;0;0;640;0;0;641;0;0;642;0;71;643;0;97;50;2;2;17.5;5;3;0;0;0;0;0;0;1;1
144;V24;1;09.09.2021;12:22;M;SG;Large;2;3;644;0;90;645;100;0;646;78;0;NA;NA;NA;NA;NA;NA;NA;NA;NA;87;2;2;11;1;1;0;0;0;1;1;0;0;0
145;V25;1;09.09.2021;13:20;F;LG;Small;5;6;647;0;0;648;0;89;649;0;0;650;0;62;651;0;110;652;0;41;0;0;0;15.67;3;2;0;0;NA;NA;NA;NA;NA;NA
146;V25;1;09.09.2021;13:20;F;LG;Small;5;6;653;6;0;654;0;54;655;0;62;656;0;104;657;0;0;658;0;86;41;2;2;16.67;3;3;0;0;NA;NA;NA;NA;NA;NA
147;V25;1;09.09.2021;13:20;M;SG;Small;2;3;659;0;0;660;0;105;661;16;0;NA;NA;NA;NA;NA;NA;NA;NA;NA;60.25;4;2;16;11;2;0;0;0;1;3;0;0;0
148;V25;1;09.09.2021;13:20;M;SG;Small;2;3;662;91;26;663;0;84;664;0;89;NA;NA;NA;NA;NA;NA;NA;NA;NA;81;5;2;25.25;4;2;0;0;4;1;0;0;0;0
149;V25;1;09.09.2021;13:20;M;SG;Small;2;3;665;0;0;666;0;1;667;21;58;NA;NA;NA;NA;NA;NA;NA;NA;NA;50;2;1;13.6;10;3;0;0;0;0;2;0;0;0
150;V25;1;09.09.2021;13:20;F;LG;Small;5;6;668;95;0;669;0;82;670;0;92;671;0;85;672;0;0;673;0;71;93.5;2;2;13;5;3;0;0;NA;NA;NA;NA;NA;NA
151;V26;1;09.09.2021;14:27;F;LG;Large;5;6;674;96;0;675;0;95;676;0;116;678;0;92;679;0;56;680;0;83;52.33;3;3;13.5;4;2;0;0;NA;NA;NA;NA;NA;NA
152;V26;1;09.09.2021;14:27;F;SG;Large;2;3;681;0;0;682;0;0;683;0;87;NA;NA;NA;NA;NA;NA;NA;NA;NA;46;1;1;0;0;0;0;0;NA;NA;NA;NA;NA;NA
153;V26;1;09.09.2021;14:27;M;SG;Large;2;3;684;0;0;685;13;70;686;0;0;NA;NA;NA;NA;NA;NA;NA;NA;NA;98.67;3;1;14.63;19;3;0;0;0;3;0;0;0;0
154;V26;1;09.09.2021;14:27;F;LG;Large;5;6;687;0;0;688;0;60;689;0;56;690;0;0;691;0;59;692;0;50;0;0;0;12;10;5;0;0;NA;NA;NA;NA;NA;NA
155;V26;1;09.09.2021;14:27;M;LG;Large;5;6;693;0;50;694;0;0;695;0;0;696;0;0;697;0;0;698;25;27;41;1;1;20;4;3;0;0;0;1;0;0;0;0
156;V26;1;09.09.2021;14:27;M;SG;Large;2;3;699;18;17;700;0;79;701;70;0;NA;NA;NA;NA;NA;NA;NA;NA;NA;131;4;2;17.2;5;2;0;0;3;0;1;0;0;0
157;V27;1;10.09.2021;11:14;M;SG;Small;2;3;702;0;0;703;0;0;704;65;30;NA;NA;NA;NA;NA;NA;NA;NA;NA;58;2;2;18.33;9;3;0;0;1;0;1;0;0;0
158;V27;1;10.09.2021;11:14;F;SG;Small;2;3;705;105;0;706;0;77;707;0;92;NA;NA;NA;NA;NA;NA;NA;NA;NA;93;1;1;11.5;2;2;0;0;NA;NA;NA;NA;NA;NA
159;V27;1;10.09.2021;11:14;F;LG;Small;5;6;708;56;0;709;0;90;710;0;76;711;0;41;712;0;83;713;0;80;56.2;5;4;18.25;4;3;0;0;NA;NA;NA;NA;NA;NA
160;V27;1;10.09.2021;11:14;M;SG;Small;2;3;714;0;0;715;97;0;716;0;27;NA;NA;NA;NA;NA;NA;NA;NA;NA;136.25;4;2;15.12;17;3;0;0;0;3;1;0;0;0
161;V27;1;10.09.2021;11:14;M;LG;Small;5;6;717;0;79;718;0;94;719;0;0;720;0;0;721;0;62;722;0;32;56;1;1;16.67;3;2;0;0;1;0;0;0;0;0
162;V27;1;10.09.2021;11:14;F;LG;Small;5;6;723;83;0;724;0;114;725;0;0;726;0;0;727;0;103;728;0;50;NA;NA;NA;NA;NA;NA;1;0;NA;NA;NA;NA;NA;NA
163;V28;1;10.09.2021;12:15;F;SG;Large;2;3;729;98;0;730;0;0;731;0;96;NA;NA;NA;NA;NA;NA;NA;NA;NA;155.67;6;3;13.5;2;2;0;0;NA;NA;NA;NA;NA;NA
164;V28;1;10.09.2021;12:15;F;SG;Large;2;3;732;0;0;733;0;103;734;0;100;NA;NA;NA;NA;NA;NA;NA;NA;NA;41;1;1;26.25;4;2;0;0;NA;NA;NA;NA;NA;NA
165;V28;1;10.09.2021;12:15;M;LG;Large;5;6;738;0;78;739;0;0;740;0;0;741;0;81;742;0;0;743;43;47;71.67;3;3;16.5;12;5;0;0;0;0;1;0;1;1
166;V28;1;10.09.2021;12:15;M;LG;Large;5;6;744;0;60;745;0;60;746;90;0;747;0;0;748;0;63;749;0;0;70;1;1;16.57;7;3;0;0;0;0;1;0;0;0
167;V28;1;10.09.2021;12:15;M;SG;Large;2;3;750;20;31;751;0;0;752;0;0;NA;NA;NA;NA;NA;NA;NA;NA;NA;70.4;5;2;23.14;7;2;0;0;2;0;3;0;0;0
168;V28;1;10.09.2021;12:15;F;SG;Large;2;3;753;NA;NA;754;NA;NA;755;NA;NA;NA;NA;NA;NA;NA;NA;NA;NA;NA;NA;NA;NA;NA;NA;NA;1;0;NA;NA;NA;NA;NA;NA
169;V29;2;14.09.2021;09:22;M;LG;Large;5;6;756;0;0;757;0;0;758;0;0;759;0;0;760;0;82;761;0;60;0;0;0;6;2;1;0;0;0;0;0;0;0;0
170;V29;2;14.09.2021;09:22;M;LG;Large;5;6;762;0;50;763;0;0;764;0;0;765;4;22;766;0;101;767;112;0;79.5;2;2;21.33;3;3;0;0;0;0;0;1;1;0
171;V29;2;14.09.2021;09:22;F;SG;Large;2;3;768;104;0;769;0;89;770;0;0;NA;NA;NA;NA;NA;NA;NA;NA;NA;77.67;6;2;16.34;8;1;0;0;NA;NA;NA;NA;NA;NA
172;V29;2;14.09.2021;09:22;M;SG;Large;2;3;771;0;89;772;0;0;773;0;0;NA;NA;NA;NA;NA;NA;NA;NA;NA;95.33;3;2;14.75;4;3;0;0;1;0;2;0;0;0
173;V29;2;14.09.2021;09:22;F;SG;Large;2;3;774;42;0;775;0;65;776;0;105;NA;NA;NA;NA;NA;NA;NA;NA;NA;77;3;2;24.4;5;2;0;0;NA;NA;NA;NA;NA;NA
174;V29;2;14.09.2021;09:22;F;LG;Large;5;6;777;0;0;778;0;65;779;0;67;780;0;108;781;0;90;782;0;44;53;2;2;16;7;2;0;0;NA;NA;NA;NA;NA;NA
175;V30;2;14.09.2021;10:20;F;SG;Small;2;3;783;90;0;784;0;115;785;0;69;NA;NA;NA;NA;NA;NA;NA;NA;NA;55;3;1;17.17;6;2;0;0;NA;NA;NA;NA;NA;NA
176;V30;2;14.09.2021;10:20;M;LG;Small;5;6;786;0;39;787;36;56;787;36;56;789;0;95;790;0;0;791;0;0;62.25;4;3;18.67;6;3;0;0;0;2;0;0;1;1
177;V30;2;14.09.2021;10:20;F;LG;Small;5;6;792;119;0;793;0;78;794;0;2;795;0;96;796;0;105;797;0;89;81.67;6;5;13.2;5;4;0;0;NA;NA;NA;NA;NA;NA
178;V30;2;14.09.2021;10:20;M;SG;Small;2;3;798;0;0;799;35;29;800;107;0;NA;NA;NA;NA;NA;NA;NA;NA;NA;58;1;1;21.75;4;2;0;0;0;1;0;0;0;0
179;V30;2;14.09.2021;10:20;F;LG;Small;5;6;801;82;0;802;0;84;803;0;90;804;0;72;805;0;100;806;0;79;83.5;4;3;9;3;3;0;0;NA;NA;NA;NA;NA;NA
180;V30;2;14.09.2021;10:20;M;SG;Small;2;3;807;0;78;808;82;20;809;0;64;NA;NA;NA;NA;NA;NA;NA;NA;NA;77;2;2;14.5;2;1;0;0;1;1;0;0;0;0
181;V31;2;14.09.2021;11:20;M;LG;Small;5;6;810;0;0;811;11;15;812;0;0;813;0;0;814;0;40;815;97;0;68;3;2;17;6;3;0;0;0;0;0;2;0;1
182;V31;2;14.09.2021;11:20;M;LG;Small;5;6;816;0;0;817;0;0;818;0;0;819;42;24;820;0;84;821;0;93;156;1;1;14.63;8;3;0;0;0;0;0;1;0;0
183;V31;2;14.09.2021;11:20;F;SG;Small;2;3;822;49;0;823;0;78;824;0;0;NA;NA;NA;NA;NA;NA;NA;NA;NA;40.67;3;1;15.44;9;2;0;0;NA;NA;NA;NA;NA;NA
184;V31;2;14.09.2021;11:20;F;SG;Small;2;3;825;0;0;826;0;67;827;0;88;NA;NA;NA;NA;NA;NA;NA;NA;NA;102.5;4;1;35;1;1;0;0;NA;NA;NA;NA;NA;NA
185;V31;2;14.09.2021;11:20;M;LG;Small;5;6;828;0;60;829;0;114;830;109;0;831;0;0;832;0;13;833;0;0;53.5;2;2;10.4;5;3;0;0;0;0;1;1;0;0
186;V31;2;14.09.2021;11:20;F;SG;Small;2;3;834;25;0;835;0;98;836;0;91;NA;NA;NA;NA;NA;NA;NA;NA;NA;65.67;3;2;0;0;0;0;0;NA;NA;NA;NA;NA;NA
187;V32;2;14.09.2021;12:21;F;SG;Large;2;3;837;0;0;838;0;100;839;0;0;NA;NA;NA;NA;NA;NA;NA;NA;NA;48.6;5;2;18.47;17;3;0;0;NA;NA;NA;NA;NA;NA
188;V32;2;14.09.2021;12:21;F;SG;Large;2;3;840;0;0;841;0;61;842;0;49;NA;NA;NA;NA;NA;NA;NA;NA;NA;127.14;7;3;27;3;1;0;0;NA;NA;NA;NA;NA;NA
189;V32;2;14.09.2021;12:21;M;LG;Large;5;6;843;0;0;844;0;0;845;0;0;846;0;24;847;0;0;848;0;0;59.5;6;4;35;2;2;0;0;1;0;2;2;0;0
190;V32;2;14.09.2021;12:21;F;SG;Large;2;3;849;94;0;850;0;53;851;0;81;NA;NA;NA;NA;NA;NA;NA;NA;NA;56;1;1;23.4;10;3;0;0;NA;NA;NA;NA;NA;NA
191;V32;2;14.09.2021;12:21;M;LG;Large;5;6;852;0;2;853;73;0;854;75;0;855;0;0;856;0;42;857;0;2;70.43;7;5;15.14;7;4;0;0;1;1;3;1;0;1
192;V32;2;14.09.2021;12:21;M;LG;Large;5;6;858;0;56;859;0;0;860;0;101;861;0;0;862;0;52;863;0;110;87;3;2;9.75;4;3;0;0;0;0;0;0;1;2
193;V33;2;14.09.2021;13:18;M;LG;Small;5;6;864;0;0;865;0;0;866;0;47;867;0;0;868;0;0;869;0;7;84.75;4;2;17;5;3;0;0;2;0;2;0;0;0
194;V33;2;14.09.2021;13:18;M;SG;Small;2;3;870;22;9;871;0;0;872;101;0;NA;NA;NA;NA;NA;NA;NA;NA;NA;68.75;4;2;9;1;1;0;0;2;0;2;0;0;0
195;V33;2;14.09.2021;13:18;F;SG;Small;2;3;873;0;0;874;0;98;875;0;89;NA;NA;NA;NA;NA;NA;NA;NA;NA;91.5;2;2;22.8;5;2;0;0;NA;NA;NA;NA;NA;NA
196;V33;2;14.09.2021;13:18;F;SG;Small;2;3;876;20;0;877;0;95;878;0;58;NA;NA;NA;NA;NA;NA;NA;NA;NA;93.3;10;3;23.14;7;2;0;0;NA;NA;NA;NA;NA;NA
197;V33;2;14.09.2021;13:18;M;LG;Small;5;6;879;0;0;880;63;0;881;29;54;882;0;127;883;0;62;884;0;88;119.2;5;4;16.89;9;5;0;0;0;1;1;2;0;1
198;V33;2;14.09.2021;13:18;F;LG;Small;5;6;885;0;0;886;0;0;887;0;74;888;0;31;889;0;51;890;0;96;71;1;1;16.83;6;3;0;0;NA;NA;NA;NA;NA;NA
199;V34;2;14.09.2021;14:18;M;SG;Large;2;3;891;0;0;892;0;60;893;0;85;NA;NA;NA;NA;NA;NA;NA;NA;NA;66;4;2;24.86;7;2;0;0;2;0;2;0;0;0
200;V34;2;14.09.2021;14:18;F;LG;Large;5;6;894;80;0;895;0;104;896;0;71;897;0;56;898;0;33;899;0;107;43;1;1;15;7;3;0;0;NA;NA;NA;NA;NA;NA
201;V34;2;14.09.2021;14:18;M;LG;Large;5;6;900;0;39;901;103;0;902;0;0;903;0;0;904;0;0;905;0;85;55;1;1;18.25;8;4;0;0;0;1;0;0;0;0
202;V34;2;14.09.2021;14:18;M;SG;Large;2;3;906;0;93;907;54;0;908;0;0;NA;NA;NA;NA;NA;NA;NA;NA;NA;46.67;3;2;14;11;2;0;0;1;2;0;0;0;0
203;V34;2;14.09.2021;14:18;F;SG;Large;2;3;909;0;0;910;0;111;911;0;112;NA;NA;NA;NA;NA;NA;NA;NA;NA;120;2;2;17.75;8;2;0;0;NA;NA;NA;NA;NA;NA
204;V34;2;14.09.2021;14:18;F;LG;Large;5;6;912;0;0;913;0;76;914;0;0;915;0;0;916;0;75;917;0;93;67;3;3;25;2;2;0;0;NA;NA;NA;NA;NA;NA
205;V35;2;14.09.2021;15:17;M;SG;Small;2;3;918;3;7;919;0;0;920;0;0;NA;NA;NA;NA;NA;NA;NA;NA;NA;71;9;2;17.8;20;3;0;1;NA;NA;NA;NA;NA;NA
206;V35;2;14.09.2021;15:17;M;SG;Small;2;3;921;4;0;922;0;7;923;15;0;NA;NA;NA;NA;NA;NA;NA;NA;NA;89;2;2;22;1;1;0;1;NA;NA;NA;NA;NA;NA
207;V35;2;14.09.2021;15:17;F;SG;Small;2;3;924;0;0;925;0;11;926;0;0;NA;NA;NA;NA;NA;NA;NA;NA;NA;57.5;2;1;27;2;1;0;1;NA;NA;NA;NA;NA;NA
208;V35;2;14.09.2021;15:17;M;LG;Small;5;6;927;0;0;928;0;1;929;20;2;930;0;0;931;0;0;932;0;0;371;1;1;12;4;3;0;1;NA;NA;NA;NA;NA;NA
209;V35;2;14.09.2021;15:17;F;LG;Small;5;6;933;0;0;934;0;2;935;0;8;936;0;9;937;0;5;938;0;7;0;0;0;22.4;5;4;0;1;NA;NA;NA;NA;NA;NA
210;V35;2;14.09.2021;15:17;F;LG;Small;5;6;939;22;0;940;0;0;941;0;2;942;0;0;943;0;3;944;0;6;NA;NA;NA;NA;NA;NA;1;1;NA;NA;NA;NA;NA;NA
211;V36;2;14.09.2021;16:15;M;SG;Large;2;3;945;0;6;946;10;0;947;0;0;NA;NA;NA;NA;NA;NA;NA;NA;NA;74;1;1;11.88;8;3;0;1;NA;NA;NA;NA;NA;NA
212;V36;2;14.09.2021;16:15;F;SG;Large;2;3;948;0;0;949;0;12;950;0;6;NA;NA;NA;NA;NA;NA;NA;NA;NA;65.5;8;3;13;5;3;0;1;NA;NA;NA;NA;NA;NA
213;V36;2;14.09.2021;16:15;F;LG;Large;5;6;951;0;0;952;0;16;953;0;0;954;0;2;955;0;4;956;0;8;0;0;0;23.5;2;2;0;1;NA;NA;NA;NA;NA;NA
214;V36;2;14.09.2021;16:15;M;SG;Large;2;3;957;0;0;958;35;0;959;3;0;NA;NA;NA;NA;NA;NA;NA;NA;NA;66.5;4;2;21;4;2;0;1;NA;NA;NA;NA;NA;NA
215;V36;2;14.09.2021;16:15;F;LG;Large;5;6;960;4;0;961;0;6;962;0;4;963;0;19;964;0;0;965;0;5;55;5;3;7.5;2;2;0;1;NA;NA;NA;NA;NA;NA
216;V36;2;14.09.2021;16:15;M;LG;Large;5;6;966;16;0;967;0;0;968;0;13;969;0;0;970;0;0;971;0;17;51.6;5;4;8.33;3;2;0;1;NA;NA;NA;NA;NA;NA
217;V37;2;14.09.2021;17:20;M;LG;Small;5;6;972;2;1;973;0;4;974;0;0;975;3;0;976;0;3;977;0;11;64;3;3;12.5;4;2;0;1;NA;NA;NA;NA;NA;NA
218;V37;2;14.09.2021;17:20;M;SG;Small;2;3;978;0;5;979;1;0;980;0;0;NA;NA;NA;NA;NA;NA;NA;NA;NA;66.67;3;2;14.86;7;2;0;1;NA;NA;NA;NA;NA;NA
219;V37;2;14.09.2021;17:20;M;SG;Small;2;3;981;0;0;982;0;0;983;0;0;NA;NA;NA;NA;NA;NA;NA;NA;NA;149.4;5;3;22.5;4;2;0;1;NA;NA;NA;NA;NA;NA
220;V37;2;14.09.2021;17:20;F;SG;Small;2;3;984;NA;NA;985;NA;NA;986;NA;NA;NA;NA;NA;NA;NA;NA;NA;NA;NA;NA;NA;NA;NA;NA;NA;1;1;NA;NA;NA;NA;NA;NA
221;V37;2;14.09.2021;17:20;F;LG;Small;5;6;987;0;0;988;0;14;989;0;3;990;0;5;991;0;20;992;0;3;0;0;0;NA;NA;NA;1;1;NA;NA;NA;NA;NA;NA
222;V37;2;14.09.2021;17:20;F;LG;Small;5;6;993;14;0;994;0;4;995;0;13;996;0;0;997;0;0;998;0;9;53;1;1;13;4;2;0;1;NA;NA;NA;NA;NA;NA
223;V38;2;15.09.2021;09:20;F;SG;Large;2;3;999;3;0;1000;0;0;1001;0;1;NA;NA;NA;NA;NA;NA;NA;NA;NA;60.33;3;2;15.67;12;2;0;1;NA;NA;NA;NA;NA;NA
224;V38;2;15.09.2021;09:20;M;LG;Large;5;6;1002;0;0;1003;0;2;1004;18;0;1005;0;0;1006;0;0;1007;0;0;60;2;1;28;1;1;0;1;NA;NA;NA;NA;NA;NA
225;V38;2;15.09.2021;09:20;F;SG;Large;2;3;1008;7;0;1009;0;3;1010;0;16;NA;NA;NA;NA;NA;NA;NA;NA;NA;69.5;6;3;17;1;1;0;1;NA;NA;NA;NA;NA;NA
226;V38;2;15.09.2021;09:20;F;LG;Large;5;6;1011;0;0;1012;0;13;1013;0;19;1014;0;0;1015;0;17;1016;0;3;0;0;0;16;2;1;0;1;NA;NA;NA;NA;NA;NA
227;V38;2;15.09.2021;09:20;M;LG;Large;5;6;1017;4;9;1018;0;0;1019;0;20;1020;0;0;1021;0;0;1022;0;0;46.67;3;3;12;1;1;0;1;NA;NA;NA;NA;NA;NA
228;V38;2;15.09.2021;09:20;M;SG;Large;2;3;1023;0;9;1024;12;0;1025;1;0;NA;NA;NA;NA;NA;NA;NA;NA;NA;82.5;6;3;15.6;15;3;0;1;NA;NA;NA;NA;NA;NA
229;V39;2;15.09.2021;10:19;M;SG;Small;2;3;1026;0;0;1027;2;4;1028;0;0;NA;NA;NA;NA;NA;NA;NA;NA;NA;79.33;3;1;12.5;20;3;0;1;NA;NA;NA;NA;NA;NA
230;V39;2;15.09.2021;10:19;F;LG;Small;5;6;1029;3;0;1030;0;21;1031;0;11;1032;0;0;1033;0;14;1034;0;0;71;2;2;6.5;2;2;0;1;NA;NA;NA;NA;NA;NA
231;V39;2;15.09.2021;10:19;M;SG;Small;2;3;1035;25;0;1036;0;0;1037;0;0;NA;NA;NA;NA;NA;NA;NA;NA;NA;82;3;2;17;1;1;0;1;NA;NA;NA;NA;NA;NA
232;V39;2;15.09.2021;10:19;F;LG;Small;5;6;1038;18;0;1039;0;0;1040;0;0;1041;0;12;1042;0;0;1043;0;2;66;4;3;17.6;5;2;0;1;NA;NA;NA;NA;NA;NA
233;V39;2;15.09.2021;10:19;F;LG;Small;5;6;1044;0;0;1045;0;4;1046;0;0;1047;0;12;1048;0;7;1049;0;8;66.5;2;1;15.4;10;4;0;1;NA;NA;NA;NA;NA;NA
234;V39;2;15.09.2021;10:19;M;SG;Small;2;3;1050;0;0;1051;0;5;1052;0;0;NA;NA;NA;NA;NA;NA;NA;NA;NA;70;2;1;20.75;4;2;0;1;NA;NA;NA;NA;NA;NA
235;V40;2;15.09.2021;11:40;F;LG;Large;5;6;1053;NA;NA;1054;NA;NA;1055;NA;NA;1056;NA;NA;1057;NA;NA;1058;NA;NA;NA;NA;NA;NA;NA;NA;1;1;NA;NA;NA;NA;NA;NA
236;V40;2;15.09.2021;11:40;M;SG;Large;2;3;1059;0;12;1060;0;0;1061;0;0;NA;NA;NA;NA;NA;NA;NA;NA;NA;0;0;0;20.33;3;1;0;1;NA;NA;NA;NA;NA;NA
237;V40;2;15.09.2021;11:40;M;LG;Large;5;6;1062;0;0;1063;0;0;1064;0;0;1065;0;0;1066;0;0;1067;61;0;65;2;2;22.33;9;4;0;1;NA;NA;NA;NA;NA;NA
238;V40;2;15.09.2021;11:40;F;SG;Large;2;3;1068;0;0;1069;0;8;1070;0;8;NA;NA;NA;NA;NA;NA;NA;NA;NA;48;1;1;13.38;8;3;0;1;NA;NA;NA;NA;NA;NA
239;V40;2;15.09.2021;11:40;M;LG;Large;5;6;1071;0;0;1072;0;19;1073;0;0;1074;0;0;1075;0;0;1076;4;0;NA;NA;NA;NA;NA;NA;1;1;NA;NA;NA;NA;NA;NA
240;V40;2;15.09.2021;11:40;F;SG;Large;2;3;1077;0;0;1078;0;0;1079;0;16;NA;NA;NA;NA;NA;NA;NA;NA;NA;54.67;3;2;13.63;8;3;0;1;NA;NA;NA;NA;NA;NA
241;V41;2;15.09.2021;12:40;F;SG;Small;2;3;1080;0;0;1081;0;12;1082;0;8;NA;NA;NA;NA;NA;NA;NA;NA;NA;52;4;2;17.86;7;2;0;1;NA;NA;NA;NA;NA;NA
242;V41;2;15.09.2021;12:40;F;SG;Small;2;3;1083;13;0;1084;0;29;1085;0;0;NA;NA;NA;NA;NA;NA;NA;NA;NA;69.67;3;2;13.4;5;2;0;1;NA;NA;NA;NA;NA;NA
243;V41;2;15.09.2021;12:40;F;LG;Small;5;6;1086;0;0;1087;0;5;1088;0;20;1089;0;9;1090;0;0;1091;0;36;38;1;1;17.25;4;2;0;1;NA;NA;NA;NA;NA;NA
244;V41;2;15.09.2021;12:40;M;LG;Small;5;6;1092;0;0;1093;0;0;1094;0;0;1095;0;6;1096;0;9;1097;0;17;NA;NA;NA;NA;NA;NA;1;1;NA;NA;NA;NA;NA;NA
245;V41;2;15.09.2021;12:40;M;LG;Small;5;6;1098;0;0;1099;0;0;1100;0;0;1101;26;18;1102;0;0;1103;10;0;85;2;2;22;7;4;0;1;NA;NA;NA;NA;NA;NA
246;V41;2;15.09.2021;12:40;M;SG;Small;2;3;1104;0;18;1105;0;0;1106;0;17;NA;NA;NA;NA;NA;NA;NA;NA;NA;NA;NA;NA;NA;NA;NA;1;1;NA;NA;NA;NA;NA;NA
247;V42;2;15.09.2021;13:42;F;LG;Large;5;6;1107;16;0;1108;0;31;1109;0;0;1110;0;0;1111;0;16;1112;0;12;57.5;4;2;16.33;6;4;0;1;NA;NA;NA;NA;NA;NA
248;V42;2;15.09.2021;13:42;M;LG;Large;5;6;1113;0;11;1114;0;0;1115;0;10;1116;0;0;1117;27;12;1118;0;14;38;1;1;23.33;3;2;0;1;NA;NA;NA;NA;NA;NA
249;V42;2;15.09.2021;13:42;F;SG;Large;2;3;1119;10;0;1120;0;25;1121;0;16;NA;NA;NA;NA;NA;NA;NA;NA;NA;61;3;2;7.75;4;3;0;1;NA;NA;NA;NA;NA;NA
250;V42;2;15.09.2021;13:42;M;LG;Large;5;6;1122;0;0;1123;0;34;1124;0;12;1125;0;25;1126;11;8;1127;0;8;43;1;1;17.25;4;3;0;1;NA;NA;NA;NA;NA;NA
251;V42;2;15.09.2021;13:42;F;SG;Large;2;3;1128;0;0;1129;0;13;1130;0;0;NA;NA;NA;NA;NA;NA;NA;NA;NA;48;1;1;23.43;7;3;0;1;NA;NA;NA;NA;NA;NA
252;V42;2;15.09.2021;13:42;M;SG;Large;2;3;1131;0;0;1132;9;0;1133;0;0;NA;NA;NA;NA;NA;NA;NA;NA;NA;110.5;2;1;9.6;10;3;0;1;NA;NA;NA;NA;NA;NA
253;V43;2;15.09.2021;14:45;M;LG;Small;5;6;1134;0;0;1135;8;8;1136;0;0;1137;0;27;1138;0;0;1139;0;0;53;1;1;16.15;13;4;0;1;NA;NA;NA;NA;NA;NA
254;V43;2;15.09.2021;14:45;M;SG;Small;2;3;1140;0;0;1141;0;0;1142;0;0;NA;NA;NA;NA;NA;NA;NA;NA;NA;79.71;7;1;15.33;6;2;0;1;NA;NA;NA;NA;NA;NA
255;V43;2;15.09.2021;14:45;F;LG;Small;5;6;1143;0;0;1144;0;39;1145;0;28;1146;0;0;1147;0;22;1148;0;0;0;0;0;16.67;3;2;0;1;NA;NA;NA;NA;NA;NA
256;V43;2;15.09.2021;14:45;M;SG;Small;2;3;1149;0;0;1150;4;3;1151;0;10;NA;NA;NA;NA;NA;NA;NA;NA;NA;129.67;6;3;15;3;1;0;1;NA;NA;NA;NA;NA;NA
257;V43;2;15.09.2021;14:45;F;SG;Small;2;3;1152;8;0;1153;0;6;1154;0;0;NA;NA;NA;NA;NA;NA;NA;NA;NA;117;2;2;12.88;8;2;0;1;NA;NA;NA;NA;NA;NA
258;V43;2;15.09.2021;14:45;F;SG;Small;2;3;1155;28;0;1156;0;0;1157;0;0;NA;NA;NA;NA;NA;NA;NA;NA;NA;83.25;4;2;16.25;4;2;0;1;NA;NA;NA;NA;NA;NA
259;V44;2;16.09.2021;09:23;F;LG;Large;5;6;1158;64;0;1159;0;0;1160;0;126;1161;0;92;1162;0;111;1163;0;90;63;4;3;14.4;5;5;0;0;NA;NA;NA;NA;NA;NA
260;V44;2;16.09.2021;09:23;M;LG;Large;5;6;1164;0;0;1165;0;0;1166;105;0;1167;0;0;1168;0;79;1169;0;0;99;1;1;26;1;1;0;0;0;0;1;0;0;0
261;V44;2;16.09.2021;09:23;F;SG;Large;2;3;1170;0;0;1171;0;104;1172;0;111;NA;NA;NA;NA;NA;NA;NA;NA;NA;120.67;3;2;19.44;9;2;0;0;NA;NA;NA;NA;NA;NA
262;V44;2;16.09.2021;09:23;M;LG;Large;5;6;1173;0;89;1174;0;101;1175;0;86;1176;0;84;1177;0;0;1178;0;105;55.5;4;2;20.67;6;4;0;0;0;3;1;0;0;0
263;V44;2;16.09.2021;09:23;M;SG;Large;2;3;1179;0;112;1180;10;73;1181;0;0;NA;NA;NA;NA;NA;NA;NA;NA;NA;67;1;1;13.33;3;2;0;0;0;1;0;0;0;0
264;V44;2;16.09.2021;09:23;F;SG;Large;2;3;1182;0;0;1183;0;90;1184;0;98;NA;NA;NA;NA;NA;NA;NA;NA;NA;155;2;1;17.29;7;2;0;0;NA;NA;NA;NA;NA;NA
265;V45;2;16.09.2021;10:18;F;LG;Small;5;6;1185;0;0;1186;0;101;1187;0;70;1188;0;0;1189;0;95;1190;0;116;93;1;1;9;4;2;0;0;NA;NA;NA;NA;NA;NA
266;V45;2;16.09.2021;10:18;F;LG;Small;5;6;1191;0;0;1192;0;73;1193;0;86;1194;0;103;1195;0;85;1196;0;87;0;0;0;16;1;1;0;0;NA;NA;NA;NA;NA;NA
267;V45;2;16.09.2021;10:18;M;SG;Small;2;3;1197;0;0;1198;107;0;1199;0;0;NA;NA;NA;NA;NA;NA;NA;NA;NA;67.33;3;2;14.5;4;2;0;0;0;2;1;0;0;0
268;V45;2;16.09.2021;10:18;M;LG;Small;5;6;1200;0;0;1201;0;0;1202;0;34;1203;43;54;1204;0;0;1205;0;62;77;3;2;20.67;6;4;0;0;0;0;0;2;0;1
269;V45;2;16.09.2021;10:18;F;SG;Small;2;3;1206;0;0;1207;0;78;1208;0;66;NA;NA;NA;NA;NA;NA;NA;NA;NA;53.33;3;2;14.85;13;2;0;0;NA;NA;NA;NA;NA;NA
270;V45;2;16.09.2021;10:18;M;SG;Small;2;3;1209;0;0;1210;0;0;1211;31;69;NA;NA;NA;NA;NA;NA;NA;NA;NA;178;2;2;22;2;2;0;0;0;1;1;0;0;0
271;V46;2;16.09.2021;11:16;F;SG;Large;2;3;1212;0;0;1213;0;76;1214;0;63;NA;NA;NA;NA;NA;NA;NA;NA;NA;59;1;1;0;0;0;0;0;NA;NA;NA;NA;NA;NA
272;V46;2;16.09.2021;11:16;F;SG;Large;2;3;1215;118;0;1216;0;54;1217;0;92;NA;NA;NA;NA;NA;NA;NA;NA;NA;64;1;1;18;4;1;0;0;NA;NA;NA;NA;NA;NA
273;V46;2;16.09.2021;11:16;F;LG;Large;5;6;1218;76;0;1219;0;46;1220;0;0;1221;0;0;1222;0;95;1223;0;50;68.75;4;3;17.37;6;5;0;0;NA;NA;NA;NA;NA;NA
274;V46;2;16.09.2021;11:16;M;LG;Large;5;6;1224;32;42;1225;0;0;1226;0;0;1227;0;0;1228;0;0;1229;24;41;81.33;3;2;17.75;12;5;0;0;0;1;0;0;0;2
275;V46;2;16.09.2021;11:16;M;LG;Large;5;6;1230;0;0;1231;0;98;1232;0;34;1233;0;0;1234;90;28;1235;0;0;41;1;1;10.5;2;2;0;0;0;0;0;0;1;0
276;V46;2;16.09.2021;11:16;M;SG;Large;2;3;1236;51;36;1237;0;0;1238;0;0;NA;NA;NA;NA;NA;NA;NA;NA;NA;65;1;1;12.88;16;2;0;0;1;0;0;0;0;0
277;V47;2;16.09.2021;12:12;F;LG;Small;5;6;1239;0;0;1240;0;60;1241;0;0;1242;0;0;1243;0;121;1244;0;110;75;2;2;24;1;1;0;0;NA;NA;NA;NA;NA;NA
278;V47;2;16.09.2021;12:12;F;SG;Small;2;3;1245;0;0;1246;0;97;1247;0;85;NA;NA;NA;NA;NA;NA;NA;NA;NA;0;0;0;11;5;3;0;0;NA;NA;NA;NA;NA;NA
279;V47;2;16.09.2021;12:12;M;SG;Small;2;3;1248;0;0;1249;0;0;1250;0;80;NA;NA;NA;NA;NA;NA;NA;NA;NA;60;2;2;23.75;4;3;0;0;1;1;0;0;0;0
280;V47;2;16.09.2021;12:12;M;LG;Small;5;6;1251;64;54;1252;14;76;1253;0;75;1254;0;0;1255;0;77;1256;0;0;51;2;2;16;3;3;0;0;1;1;0;0;0;0
281;V47;2;16.09.2021;12:12;M;SG;Small;2;3;1257;0;0;1258;0;0;1259;48;23;NA;NA;NA;NA;NA;NA;NA;NA;NA;89;1;1;14.8;5;2;0;0;0;0;1;0;0;0
282;V47;2;16.09.2021;12:12;F;LG;Small;5;6;1260;103;0;1261;0;96;1262;0;92;1263;0;117;1264;0;87;1265;0;0;65;2;2;21.25;4;3;0;0;NA;NA;NA;NA;NA;NA
283;V48;2;16.09.2021;13:09;F;SG;Large;2;3;1266;0;0;1267;0;29;1268;0;0;NA;NA;NA;NA;NA;NA;NA;NA;NA;38;1;1;17;3;2;0;1;NA;NA;NA;NA;NA;NA
284;V48;2;16.09.2021;13:09;F;SG;Large;2;3;1269;9;0;1270;0;8;1271;0;0;NA;NA;NA;NA;NA;NA;NA;NA;NA;62.63;11;2;18;3;2;0;1;NA;NA;NA;NA;NA;NA
285;V48;2;16.09.2021;13:09;M;LG;Large;5;6;1272;0;6;1273;1;0;1274;0;14;1275;0;0;1276;0;0;1277;0;0;57;1;1;8.5;2;2;0;1;NA;NA;NA;NA;NA;NA
286;V48;2;16.09.2021;13:09;M;SG;Large;2;3;1278;0;0;1279;0;0;1280;6;3;NA;NA;NA;NA;NA;NA;NA;NA;NA;64.33;3;2;17.43;7;3;0;1;NA;NA;NA;NA;NA;NA
287;V48;2;16.09.2021;13:09;F;LG;Large;5;6;1281;28;0;1282;0;0;1283;0;31;1284;0;9;1285;0;0;1286;0;7;96;2;2;11.5;2;1;0;1;NA;NA;NA;NA;NA;NA
288;V48;2;16.09.2021;13:09;M;LG;Large;5;6;1287;0;0;1288;0;0;1289;16;0;1290;0;0;1291;0;0;1292;0;19;51;1;1;14;6;3;0;1;NA;NA;NA;NA;NA;NA
289;V49;2;16.09.2021;14:07;F;LG;Small;5;6;1293;6;0;1294;0;24;1295;0;11;1296;0;9;1297;0;0;1298;0;0;72.33;3;2;16.25;4;3;0;1;NA;NA;NA;NA;NA;NA
290;V49;2;16.09.2021;14:07;F;SG;Small;2;3;1299;10;0;1300;0;1;1301;0;0;NA;NA;NA;NA;NA;NA;NA;NA;NA;70.25;4;2;14.71;14;3;0;1;NA;NA;NA;NA;NA;NA
291;V49;2;16.09.2021;14:07;M;SG;Small;2;3;1302;0;0;1303;0;13;1304;0;0;NA;NA;NA;NA;NA;NA;NA;NA;NA;52.6;5;3;17;4;3;0;1;NA;NA;NA;NA;NA;NA
292;V49;2;16.09.2021;14:07;F;LG;Small;5;6;1305;7;0;1306;0;15;1307;0;0;1308;0;16;1309;0;0;1310;0;0;100.57;7;3;13.75;8;4;0;1;NA;NA;NA;NA;NA;NA
293;V49;2;16.09.2021;14:07;M;SG;Small;2;3;1311;0;0;1312;0;10;1313;13;0;NA;NA;NA;NA;NA;NA;NA;NA;NA;87;1;1;12;2;1;0;1;NA;NA;NA;NA;NA;NA
294;V49;2;16.09.2021;14:07;M;LG;Small;5;6;1314;0;0;1315;0;0;1316;3;10;1317;0;0;1318;0;0;1319;0;0;130.5;2;2;15;2;1;0;1;NA;NA;NA;NA;NA;NA
295;V50;2;16.09.2021;15:07;M;SG;Large;2;3;1320;0;0;1321;0;0;1322;27;0;NA;NA;NA;NA;NA;NA;NA;NA;NA;59;2;1;25;6;3;0;1;NA;NA;NA;NA;NA;NA
296;V50;2;16.09.2021;15:07;F;SG;Large;2;3;1323;0;0;1324;0;23;1325;0;0;NA;NA;NA;NA;NA;NA;NA;NA;NA;83.43;7;3;21.2;5;2;0;1;NA;NA;NA;NA;NA;NA
297;V50;2;16.09.2021;15:07;M;SG;Large;2;3;1326;0;0;1327;20;2;1328;0;0;NA;NA;NA;NA;NA;NA;NA;NA;NA;75.33;3;2;18.5;4;2;0;1;NA;NA;NA;NA;NA;NA
298;V50;2;16.09.2021;15:07;M;LG;Large;5;6;1329;0;0;1330;8;0;1331;0;0;1332;0;11;1333;0;23;1334;0;0;36;1;1;20.75;8;5;0;1;NA;NA;NA;NA;NA;NA
299;V50;2;16.09.2021;15:07;F;LG;Large;5;6;1335;0;0;1336;0;20;1337;0;20;1338;0;11;1339;0;22;1340;0;34;42.5;2;1;20.2;9;4;0;1;NA;NA;NA;NA;NA;NA
300;V50;2;16.09.2021;15:07;F;LG;Large;5;6;1341;0;0;1342;0;0;1343;0;0;1344;0;14;1345;0;0;1346;0;5;0;0;0;16.89;9;6;0;1;NA;NA;NA;NA;NA;NA
301;V51;2;16.09.2021;16:04;M;LG;Small;5;6;1347;0;7;1348;0;0;1349;0;0;1350;0;0;1351;0;0;1352;5;10;58;3;3;18.29;7;4;0;1;NA;NA;NA;NA;NA;NA
302;V51;2;16.09.2021;16:04;M;SG;Small;2;3;1353;NA;NA;1354;NA;NA;1355;NA;NA;NA;NA;NA;NA;NA;NA;NA;NA;NA;NA;NA;NA;NA;NA;NA;1;1;NA;NA;NA;NA;NA;NA
303;V51;2;16.09.2021;16:04;F;SG;Small;2;3;1356;12;0;1357;0;19;1358;0;3;NA;NA;NA;NA;NA;NA;NA;NA;NA;107;1;1;17.46;11;3;0;1;NA;NA;NA;NA;NA;NA
304;V51;2;16.09.2021;16:04;F;LG;Small;5;6;1359;9;0;1360;0;12;1361;0;14;1362;0;32;1363;0;0;1364;0;0;62;2;2;15;5;4;0;1;NA;NA;NA;NA;NA;NA
305;V51;2;16.09.2021;16:04;F;SG;Small;2;3;1365;7;0;1366;0;0;1367;0;17;NA;NA;NA;NA;NA;NA;NA;NA;NA;57.54;11;3;20.43;14;2;0;1;NA;NA;NA;NA;NA;NA
306;V51;2;16.09.2021;16:04;M;LG;Small;5;6;1368;0;19;1369;0;0;1370;0;0;1371;0;0;1372;0;0;1373;11;0;74;2;2;11;4;3;0;1;NA;NA;NA;NA;NA;NA
307;V52;2;17.09.2021;09:15;M;SG;Large;2;3;1374;1;0;1375;0;20;1376;0;0;NA;NA;NA;NA;NA;NA;NA;NA;NA;95;1;1;17.5;6;2;0;1;NA;NA;NA;NA;NA;NA
308;V52;2;17.09.2021;09:15;F;SG;Large;2;3;1377;6;0;1378;0;15;1379;0;8;NA;NA;NA;NA;NA;NA;NA;NA;NA;89.83;6;3;10.4;5;1;0;1;NA;NA;NA;NA;NA;NA
309;V52;2;17.09.2021;09:15;M;LG;Large;5;6;1380;0;0;1381;0;14;1382;0;0;1383;0;0;1384;0;0;1385;0;0;36;1;1;13.33;3;2;0;1;NA;NA;NA;NA;NA;NA
310;V52;2;17.09.2021;09:15;F;SG;Large;2;3;1386;2;0;1387;0;4;1388;0;13;NA;NA;NA;NA;NA;NA;NA;NA;NA;103;1;1;11;5;3;0;1;NA;NA;NA;NA;NA;NA
311;V52;2;17.09.2021;09:15;M;LG;Large;5;6;1389;0;0;1390;10;5;1391;0;6;1392;0;0;1393;0;24;1394;0;0;114;2;1;10.75;4;3;0;1;NA;NA;NA;NA;NA;NA
312;V52;2;17.09.2021;09:15;F;LG;Large;5;6;1395;0;0;1396;0;11;1397;0;12;1398;0;0;1399;0;7;1400;0;0;0;0;0;19;3;3;0;1;NA;NA;NA;NA;NA;NA
313;V53;2;17.09.2021;10:13;M;LG;Small;5;6;1401;0;0;1402;0;0;1403;0;0;1404;0;4;1405;0;3;1406;0;0;61;1;1;18;2;2;0;1;NA;NA;NA;NA;NA;NA
314;V53;2;17.09.2021;10:13;F;SG;Small;2;3;1407;6;0;1408;0;4;1409;0;2;NA;NA;NA;NA;NA;NA;NA;NA;NA;60;1;1;19.5;6;3;0;1;NA;NA;NA;NA;NA;NA
315;V53;2;17.09.2021;10:13;F;LG;Small;5;6;1410;0;0;1411;0;9;1412;0;10;1413;0;22;1414;0;23;1415;0;0;157;1;1;15.25;4;3;0;1;NA;NA;NA;NA;NA;NA
316;V53;2;17.09.2021;10:13;F;SG;Small;2;3;1416;8;0;1417;0;8;1418;0;20;NA;NA;NA;NA;NA;NA;NA;NA;NA;58;1;1;15.5;4;2;0;1;NA;NA;NA;NA;NA;NA
317;V53;2;17.09.2021;10:13;M;LG;Small;5;6;1419;3;15;1420;0;0;1421;1;0;1422;0;0;1423;0;0;1424;0;0;74.33;3;2;17.25;4;2;0;1;NA;NA;NA;NA;NA;NA
318;V53;2;17.09.2021;10:13;M;SG;Small;2;3;1425;0;0;1426;0;0;1427;0;0;NA;NA;NA;NA;NA;NA;NA;NA;NA;68;3;2;15.07;15;2;0;1;NA;NA;NA;NA;NA;NA
319;V54;2;17.09.2021;11:11;F;LG;Large;5;6;1428;3;0;1429;0;0;1430;0;5;1431;0;3;1432;0;2;1433;0;2;56.5;2;1;19.22;9;4;0;1;NA;NA;NA;NA;NA;NA
320;V54;2;17.09.2021;11:11;F;SG;Large;2;3;1434;3;0;1435;0;5;1436;0;3;NA;NA;NA;NA;NA;NA;NA;NA;NA;93;2;2;19.67;3;2;0;1;NA;NA;NA;NA;NA;NA
321;V54;2;17.09.2021;11:11;F;LG;Large;5;6;1437;0;0;1438;0;7;1439;0;0;1440;0;7;1441;0;3;1442;0;0;91;1;1;35;1;1;0;1;NA;NA;NA;NA;NA;NA
322;V54;2;17.09.2021;11:11;M;SG;Large;2;3;1443;3;0;1444;0;3;1445;0;0;NA;NA;NA;NA;NA;NA;NA;NA;NA;57.67;6;3;19.43;7;2;0;1;NA;NA;NA;NA;NA;NA
323;V54;2;17.09.2021;11:11;M;LG;Large;5;6;1446;0;0;1447;0;4;1448;1;0;1449;0;0;1450;0;0;1451;0;0;98;1;1;22.6;5;4;0;1;NA;NA;NA;NA;NA;NA
324;V54;2;17.09.2021;11:11;M;SG;Large;2;3;1452;0;7;1453;6;0;1454;1;0;NA;NA;NA;NA;NA;NA;NA;NA;NA;67.75;2;2;14.86;7;3;0;1;NA;NA;NA;NA;NA;NA
325;V55;2;17.09.2021;12:11;M;LG;Small;5;6;1455;0;0;1456;3;7;1457;0;0;1458;0;10;1459;0;0;1560;0;0;61.25;4;3;14.17;6;3;0;1;NA;NA;NA;NA;NA;NA
326;V55;2;17.09.2021;12:11;M;SG;Small;2;3;1461;0;6;1462;9;0;1463;0;0;NA;NA;NA;NA;NA;NA;NA;NA;NA;68.17;6;2;18.14;7;3;0;1;NA;NA;NA;NA;NA;NA
327;V55;2;17.09.2021;12:11;F;SG;Small;2;3;1464;0;0;1465;0;0;1466;0;2;NA;NA;NA;NA;NA;NA;NA;NA;NA;0;0;0;14.5;4;2;0;1;NA;NA;NA;NA;NA;NA
328;V55;2;17.09.2021;12:11;F;LG;Small;5;6;1467;3;0;1468;0;4;1469;0;6;1470;0;15;1471;0;4;1472;0;0;36;1;1;16.33;6;3;0;1;NA;NA;NA;NA;NA;NA
329;V55;2;17.09.2021;12:11;M;SG;Small;2;3;1473;0;8;1474;0;0;1475;0;0;NA;NA;NA;NA;NA;NA;NA;NA;NA;92;2;1;19.17;6;2;0;1;NA;NA;NA;NA;NA;NA
330;V55;2;17.09.2021;12:11;F;LG;Small;5;6;1476;0;0;1477;0;21;1478;0;10;1479;0;5;1480;0;0;1481;0;13;0;0;0;11.75;4;4;0;1;NA;NA;NA;NA;NA;NA
331;V56;2;17.09.2021;13:10;F;LG;Large;5;6;1482;2;0;1483;0;11;1484;0;0;1485;0;6;1486;0;6;1487;0;11;89;1;1;14;2;2;0;1;NA;NA;NA;NA;NA;NA
332;V56;2;17.09.2021;13:10;M;LG;Large;5;6;1488;0;0;1489;0;0;1490;0;0;1491;0;0;1492;0;7;1493;0;0;0;0;0;9.5;2;2;0;1;NA;NA;NA;NA;NA;NA
333;V56;2;17.09.2021;13:10;M;SG;Large;2;3;1494;0;0;1495;0;8;1496;0;0;NA;NA;NA;NA;NA;NA;NA;NA;NA;50;1;1;17;6;3;0;1;NA;NA;NA;NA;NA;NA
334;V56;2;17.09.2021;13:10;F;LG;Large;5;6;1497;0;0;1498;0;0;1499;0;0;1500;0;0;1501;0;6;1502;0;9;72;1;1;13.5;2;2;0;1;NA;NA;NA;NA;NA;NA
335;V56;2;17.09.2021;13:10;F;SG;Large;2;3;1503;0;0;1504;0;3;1505;0;0;NA;NA;NA;NA;NA;NA;NA;NA;NA;37;1;1;19.5;5;2;0;1;NA;NA;NA;NA;NA;NA
336;V56;2;17.09.2021;13:10;M;SG;Large;2;3;1506;0;0;1507;0;0;1508;0;0;NA;NA;NA;NA;NA;NA;NA;NA;NA;48;1;1;12.67;9;3;0;1;NA;NA;NA;NA;NA;NA
337;V57;2;17.09.2021;14:08;M;SG;Small;2;3;1509;0;0;1510;0;0;1511;1;2;NA;NA;NA;NA;NA;NA;NA;NA;NA;129;1;1;15.4;5;3;0;1;NA;NA;NA;NA;NA;NA
338;V57;2;17.09.2021;14:08;M;SG;Small;2;3;1512;0;11;1513;0;0;1514;0;0;NA;NA;NA;NA;NA;NA;NA;NA;NA;73.33;3;2;22.5;2;2;0;1;NA;NA;NA;NA;NA;NA
339;V57;2;17.09.2021;14:08;F;LG;Small;5;6;1515;0;0;1516;0;3;1517;0;7;1518;0;6;1519;0;0;1520;0;10;NA;NA;NA;NA;NA;NA;1;1;NA;NA;NA;NA;NA;NA
340;V57;2;17.09.2021;14:08;F;LG;Small;5;6;1521;0;0;1522;0;18;1523;0;7;1524;0;3;1525;0;9;1526;0;6;0;0;0;NA;NA;NA;0;1;NA;NA;NA;NA;NA;NA
341;V57;2;17.09.2021;14:08;F;SG;Small;2;3;1527;14;0;1528;0;17;1529;0;10;NA;NA;NA;NA;NA;NA;NA;NA;NA;53.67;3;2;20;7;3;0;1;NA;NA;NA;NA;NA;NA
342;V57;2;17.09.2021;14:08;M;SG;Small;2;3;1533;0;0;1534;0;0;1535;0;0;NA;NA;NA;NA;NA;NA;NA;NA;NA;0;0;0;14.07;14;3;0;1;NA;NA;NA;NA;NA;NA
343;V58;2;17.09.2021;15:10;M;SG;Large;2;3;1536;0;2;1537;0;0;1538;1;0;NA;NA;NA;NA;NA;NA;NA;NA;NA;60;2;2;20.5;4;2;0;1;NA;NA;NA;NA;NA;NA
344;V58;2;17.09.2021;15:10;F;SG;Large;2;3;1539;0;0;1540;0;12;1541;0;7;NA;NA;NA;NA;NA;NA;NA;NA;NA;40;2;1;13;4;1;0;1;NA;NA;NA;NA;NA;NA
345;V58;2;17.09.2021;15:10;F;SG;Large;2;3;1542;0;0;1543;0;18;1544;0;7;NA;NA;NA;NA;NA;NA;NA;NA;NA;94.5;2;2;16.5;4;3;0;1;NA;NA;NA;NA;NA;NA
346;V58;2;17.09.2021;15:10;F;SG;Large;2;3;1545;0;0;1546;0;7;1547;0;2;NA;NA;NA;NA;NA;NA;NA;NA;NA;0;0;0;15;5;2;0;1;NA;NA;NA;NA;NA;NA
347;V58;2;17.09.2021;15:10;M;SG;Large;2;3;1548;0;14;1549;0;0;1550;9;0;NA;NA;NA;NA;NA;NA;NA;NA;NA;51.75;4;4;15.4;5;3;0;1;NA;NA;NA;NA;NA;NA
348;V58;2;17.09.2021;15:10;M;LG;Large;5;6;1551;16;0;1552;0;0;1553;0;0;1554;0;0;1555;0;0;1556;0;0;103;1;1;12.67;6;5;0;1;NA;NA;NA;NA;NA;NA
349;V59;2;17.09.2021;16:07;M;SG;Small;2;3;1557;0;0;1558;10;6;1559;0;0;NA;NA;NA;NA;NA;NA;NA;NA;NA;110.67;3;1;17.4;5;2;0;1;NA;NA;NA;NA;NA;NA
350;V59;2;17.09.2021;16:07;M;LG;Small;5;6;1560;9;0;1561;0;0;1562;0;0;1563;0;0;1564;0;0;1565;0;21;66;1;1;6;1;1;0;1;NA;NA;NA;NA;NA;NA
351;V59;2;17.09.2021;16:07;M;SG;Small;2;3;1566;NA;NA;1567;NA;NA;1568;NA;NA;NA;NA;NA;NA;NA;NA;NA;NA;NA;NA;NA;NA;NA;NA;NA;1;1;NA;NA;NA;NA;NA;NA
352;V59;2;17.09.2021;16:07;F;SG;Small;2;3;1569;9;0;1570;0;13;1571;0;11;NA;NA;NA;NA;NA;NA;NA;NA;NA;61;1;1;13.5;2;2;0;1;NA;NA;NA;NA;NA;NA
353;V59;2;17.09.2021;16:07;F;SG;Small;2;3;1572;0;0;1573;0;5;1574;0;0;NA;NA;NA;NA;NA;NA;NA;NA;NA;47;3;2;19.75;12;2;0;1;NA;NA;NA;NA;NA;NA
354;V59;2;17.09.2021;16:07;F;LG;Small;5;6;1575;NA;NA;1576;NA;NA;1577;NA;NA;1578;NA;NA;1579;NA;NA;1580;NA;NA;NA;NA;NA;NA;NA;NA;1;1;NA;NA;NA;NA;NA;NA
355;V60;2;17.09.2021;17:10;M;SG;Large;2;3;1581;0;0;1582;0;0;1583;0;0;NA;NA;NA;NA;NA;NA;NA;NA;NA;90.2;5;2;11.88;8;2;0;1;NA;NA;NA;NA;NA;NA
356;NA;2;NA;NA;NA;NA;NA;NA;NA;NA;NA;NA;NA;NA;NA;NA;NA;NA;NA;NA;NA;NA;NA;NA;NA;NA;NA;NA;NA;NA;NA;NA;NA;1;1;NA;NA;NA;NA;NA;NA
357;V60;2;17.09.2021;17:10;F;SG;Large;2;3;1584;0;0;1585;0;0;1586;0;0;1587;0;0;1588;0;0;1589;4;0;61;2;2;14;4;4;0;1;NA;NA;NA;NA;NA;NA
358;NA;2;NA;NA;NA;NA;NA;NA;NA;NA;NA;NA;NA;NA;NA;NA;NA;NA;NA;NA;NA;NA;NA;NA;NA;NA;NA;NA;NA;NA;NA;NA;NA;1;1;NA;NA;NA;NA;NA;NA
359;NA;2;NA;NA;NA;NA;NA;NA;NA;NA;NA;NA;NA;NA;NA;NA;NA;NA;NA;NA;NA;NA;NA;NA;NA;NA;NA;NA;NA;NA;NA;NA;NA;1;1;NA;NA;NA;NA;NA;NA
360;V60;2;17.09.2021;17:10;M;LG;Large;5;6;1590;2;5;1591;0;0;1592;0;0;1593;0;0;1594;0;0;1595;0;0;51;3;3;11.67;3;3;0;1;NA;NA;NA;NA;NA;NA
